Extraction Code	Taxon	Specimen Code
CS0159	Pheidole.desertorum	CASENT0339762
CS0224	Pheidole.xerophila	CASENT0339764
CS0301	Pheidole.dentata	CASENT0339768
CS0399	Pheidole.xanthogaster	CASENT0339769
CS0402	Pheidole.tristicula	CASENT0339770
CS0410	Pheidole.astur	CASENT0339771
CS0506	Pheidole.vorax	CASENT0339773
CS0507	Pheidole.cramptoni	CASENT0339774
PH1	Pheidole.epem070	CASENT0282484
PH1001	Pheidole.jtl190	CASENT0636642
PH1002	Pheidole.wardi	CASENT0636641
PH1003	Pheidole.roushae	CASENT0636640
PH1009	Pheidole.jtl177	CASENT0636634
PH1012	Pheidole.jtl178	CASENT0636631
PH1015	Pheidole.mackayi	CASENT0636628
PH1016	Pheidole.pubiventris	CASENT0636627
PH1018	Pheidole.fossimandibula	CASENT0636625
PH1020	Pheidole.jtl134	CASENT0636623
PH104	Pheidole.epem034	CASENT0199500
PH1043	Pheidole.mooreorum	CASENT0636600
PH1044	Pheidole.nebulosa	CASENT0636599
PH1048	Pheidole.arachnion	CASENT0636595
PH1049	Pheidole.rogeri	CASENT0636594
PH1050	Pheidole.psilogaster	CASENT0636593
PH1051	Pheidole.otisi	CASENT0636592
PH1053	Pheidole.tanyscapa	CASENT0636590
PH1054	Pheidole.kukrana	CASENT0636589
PH1057	Pheidole.deceptrix	CASENT0636586
PH1058	Pheidole.jtl196	CASENT0636585
PH1059	Pheidole.jtl202	CASENT0636584
PH1061	Pheidole.jtl170	CASENT0636582
PH1066	Pheidole.jtl198	CASENT0636577
PH1067	Pheidole.citrina	CASENT0636576
PH107	Pheidole.epem033	CASENT0199468
PH1074	Pheidole.oaxacana	CASENT0636651
PH1076	Pheidole.jtl200	CASENT0636653
PH1077	Pheidole.jtl201	CASENT0636654
PH1078	Pheidole.mantilla	CASENT0636655
PH1079	Pheidole.perpusilla	CASENT0635824
PH108	Pheidole.epem040	CASENT0199512
PH1081	Pheidole.hizemops	CASENT0635826
PH1082	Pheidole.amabilis	CASENT0635827
PH1083	Pheidole.hasticeps	CASENT0635828
PH1084	Pheidole.renae	CASENT0635829
PH1085	Pheidole.carinote	CASENT0635830
PH1087	Pheidole.lustrata	CASENT0635832
PH1088	Pheidole.carapuna	CASENT0635833
PH1089	Pheidole.jtl189	CASENT0635834
PH109	Pheidole.epem046	CASENT0199522
PH1091	Pheidole.angusticeps	CASENT0635836
PH1097	Pheidole.rhinomontana	CASENT0635842
PH1098	Pheidole.harrisonfordi	CASENT0635843
PH110	Pheidole.distincta	CASENT0199467
PH1101	Pheidole.chocoensis	CASENT0635846
PH1102	Pheidole.jtl224	CASENT0635847
PH1103	Pheidole.gulo	CASENT0635848
PH1104	Pheidole.jtl212	CASENT0635849
PH1107	Pheidole.punctatissima	CASENT0635852
PH1109	Pheidole.spathipilosa	CASENT0635854
PH1110	Pheidole.scrobifera	CASENT0635855
PH1111	Pheidole.synarmata	CASENT0635856
PH1112	Pheidole.colobopsis	CASENT0635857
PH1113	Pheidole.walkeri	CASENT0635858
PH1114	Pheidole.jtl211	CASENT0635859
PH1116	Pheidole.jtl218	CASENT0635861
PH1118	Pheidole.bicornis	CASENT0635863
PH1119	Pheidole.specularis	CASENT0635864
PH1120	Pheidole.exarata	CASENT0635865
PH1121	Pheidole.acamata	CASENT0635866
PH1122	Pheidole.jtl223	CASENT0635867
PH1123	Pheidole.ectatommoides	CASENT0635868
PH1124	Pheidole.eowilsoni	CASENT0635869
PH1132	Pheidole.antillana	CASENT0635877
PH1133	Pheidole.laudatana	CASENT0635878
PH1135	Pheidole.jtl158	CASENT0635880
PH1137	Pheidole.jtl226	CASENT0635882
PH1138	Pheidole.tuxtlasana	CASENT0635883
PH1139	Pheidole.jtl214	CASENT0635884
PH1140	Pheidole.ceibana	CASENT0635885
PH1141	Pheidole.brandaoi	CASENT0635886
PH1142	Pheidole.beloceps	CASENT0635887
PH1143	Pheidole.rectitrudis	CASENT0635888
PH1144	Pheidole.glomericeps	CASENT0635889
PH1145	Pheidole.rugiceps	CASENT0635890
PH1146	Pheidole.karolmorae	CASENT0635891
PH1147	Pheidole.jtl225	CASENT0635892
PH1148	Pheidole.jtl221	CASENT0635893
PH115	Pheidole.epem051	CASENT0199497
PH1150	Pheidole.veteratrix	CASENT0738553
PH1152	Pheidole.nemoralis	CASENT0738743
PH1153	Pheidole.longispinosa	CASENT0738744
PH1158	Pheidole.oswaldi	CASENT0738749
PH1159	Pheidole.oculata	CASENT0738750
PH1160	Pheidole.mg029	CASENT0738751
PH1163	Pheidole.mg021	CASENT0738754
PH1164	Pheidole.mg117	CASENT0738755
PH1166	Pheidole.mg021	CASENT0738757
PH1168	Pheidole.gf013	CASENT0738759
PH1169	Pheidole.mg014	CASENT0738760
PH1170	Pheidole.mg024	CASENT0738761
PH1171	Pheidole.mg071	CASENT0738762
PH1177	Pheidole.mg015	CASENT0738768
PH1179	Pheidole.sikorae	CASENT0738770
PH1180	Pheidole.mg083	CASENT0738771
PH1184	Pheidole.mg018	CASENT0738775
PH1185	Pheidole.mg132	CASENT0738776
PH1186	Pheidole.mg130	CASENT0738777
PH1187	Pheidole.longispinosa.scabrata	CASENT0738778
PH1193	Pheidole.mg068	CASENT0738784
PH1196	Pheidole.annemariae	CASENT0738787
PH1200	Pheidole.mg125	CASENT0738791
PH1204	Pheidole.lucida	CASENT0738795
PH1205	Pheidole.gf017	CASENT0738796
PH1206	Pheidole.gf015	CASENT0738797
PH1208	Pheidole.gf011	CASENT0738799
PH1210	Pheidole.mg064	CASENT0738801
PH1213	Pheidole.indica	CASENT0738804
PH1217	Pheidole.mg043	CASENT0738808
PH1218	Pheidole.mg066	CASENT0738809
PH1223	Pheidole.braueri	CASENT0738814
PH1225	Pheidole.komori	CASENT0738816
PH1227	Pheidole.megatron	CASENT0738818
PH1228	Pheidole.mg054	CASENT0738819
PH1229	Pheidole.mg056	CASENT0738820
PH1230	Pheidole.gf062	CASENT0738821
PH1231	Pheidole.gf073	CASENT0738822
PH1240	Pheidole.gf078	CASENT0738831
PH1242	Pheidole.gf063	CASENT0738833
PH1246	Pheidole.athertonensis.cedarensis	CASENT0738837
PH1248	Pheidole.aglae	CASENT0738839
PH125	Pheidole.epem097	CASENT0283821
PH1250	Pheidole.gf038	CASENT0738841
PH1251	Pheidole.gf071	CASENT0738842
PH1252	Pheidole.gf064	CASENT0738843
PH1253	Pheidole.gf065	CASENT0738844
PH1258	Pheidole.nemoralis	CASENT0283759
PH126	Pheidole.emsm170	CASENT0283815
PH1261	Pheidole.medioflava	CASENT0283575
PH1262	Pheidole.emsm162	CASENT0283595
PH127	Pheidole.laminata	CASENT0283823
PH128	Pheidole.epem083	CASENT0283824
PH129	Pheidole.epem140	CASENT0199513
PH13	Pheidole.epem020	CASENT0283784
PH1326	Pheidole.nodifera	CASENT0738913
PH133	Pheidole.epem026	CASENT0199492
PH1337	Pheidole.gf027	CASENT0738924
PH135	Pheidole.hercules	CASENT0283830
PH1359	Pheidole.CAM01	CASENT0738946
PH136	Pheidole.epem116	CASENT0199394
PH138	Pheidole.epem079	CASENT0199455
PH139	Pheidole.epem067	CASENT0199481
PH141	Pheidole.amber	CASENT0199489
PH142	Pheidole.gambogia	CASENT0199451
PH143	Pheidole.epem049	CASENT0199446
PH148	Pheidole.epem060	CASENT0199477
PH150	Pheidole.epem058	CASENT0199530
PH153	Pheidole.epem170	CASENT0283797
PH160	Pheidole.epem166	CASENT0283791
PH162	Pheidole.epem165	CASENT0283796
PH163	Pheidole.xanthocnemis	CASENT0283725
PH168	Pheidole.epem172	CASENT0283799
PH171	Pheidole.epem169	CASENT0283728
PH173	Pheidole.epem179	CASENT0282451
PH174	Pheidole.rugithorax	CASENT0283827
PH184	Pheidole.epem201	CASENT0339815
PH186	Pheidole.tjibodana	CASENT0283800
PH188	Pheidole.soritis	CASENT0283804
PH189	Pheidole.epem167	CASENT0283079
PH2	Pheidole.epem127	CASENT0339820
PH205	Pheidole.epem100	CASENT0283047
PH206	Pheidole.mendanai	CASENT0283049
PH207	Pheidole.nindi	CASENT0283055
PH21	Pheidole.epem005	CASENT0199354
PH210	Pheidole.isis.taki	CASENT0339812
PH220	Pheidole.epem057	CASENT0339791
PH221	Pheidole.epem123	CASENT0339793
PH222	Pheidole.epem111	CASENT0339795
PH225	Pheidole.epem163	CASENT0339801
PH227	Pheidole.epem118	CASENT0339805
PH228	Pheidole.emsm101	CASENT0339807
PH229	Pheidole.epem129	CASENT0339788
PH23	Pheidole.sexspinosa	CASENT0199371
PH234	Pheidole.epem112	CASENT0339798
PH238	Pheidole.megacephala	CASENT0283042
PH24	Pheidole.parva	CASENT0199389
PH244	Pheidole.oceanica	CASENT0283054
PH246	Pheidole.cryptocera	CASENT0283058
PH251	Pheidole.umbonata	CASENT0283086
PH266	Pheidole.epem068	CASENT0283616
PH271	Pheidole.epem119	CASENT0283099
PH280	Pheidole.cervicornis	CASENT0283187
PH283	Pheidole.tricolor	CASENT0283059
PH290	Pheidole.viserion	CASENT0283093
PH291	Pheidole.epem124	CASENT0283837
PH299	Pheidole.epem142	CASENT0283179
PH31	Pheidole.epem010	CASENT0283701
PH35	Pheidole.emsm107	CASENT0282492
PH4	Pheidole.epem115	CASENT0282485
PH40	Pheidole.epem027	CASENT0199310
PH402	Pheidole.au02	CASENT0282621
PH403	Pheidole.epem093	CASENT0283189
PH404	Pheidole.au04	CASENT0283190
PH408	Pheidole.bula	CASENT0339811
PH409	Pheidole.colaensis	CASENT0339806
PH414	Pheidole.kava	CASENT0283041
PH419	Pheidole.ululevu	CASENT0283177
PH42	Pheidole.epem022	CASENT0199325
PH421	Pheidole.furcata	CASENT0283146
PH422	Pheidole.hyatti	CASENT0283215
PH424	Pheidole.knowlesi	CASENT0283124
PH429	Pheidole.nc02	CASENT0283182
PH432	Pheidole.onifera	CASENT0283163
PH433	Pheidole.pegasus	CASENT0283142
PH434	Pheidole.pg01	CASENT0283165
PH435	Pheidole.pg02	CASENT0283167
PH436	Pheidole.pg03	CASENT0283168
PH44	Pheidole.sexspinosa.biroi	CASENT0199306
PH444	Pheidole.roosevelti	CASENT0283120
PH452	Pheidole.simplispinosa	CASENT0283131
PH458	Pheidole.uncagena	CASENT0283143
PH459	Pheidole.vatu	CASENT0283101
PH46	Pheidole.epem024	CASENT0199540
PH466	Pheidole.wilsoni	CASENT0283162
PH467	Pheidole.comata	CASENT0283209
PH468	Pheidole.dugasi	CASENT0283203
PH469	Pheidole.gatesi	CASENT0283204
PH47	Pheidole.fuscula	CASENT0199529
PH470	Pheidole.nodus	CASENT0283210
PH471	Pheidole.pallidula	CASENT0283201
PH472	Pheidole.plagiaria	CASENT0283212
PH473	Pheidole.quadrensis	CASENT0283205
PH474	Pheidole.quadricuspis	CASENT0283211
PH475	Pheidole.epem121	CASENT0283206
PH476	Pheidole.jacobsoni	CASENT0283213
PH477	Pheidole.emsm171	CASENT0283200
PH479	Pheidole.grallatrix	CASENT0048223
PH480	Pheidole.lucioccipitalis	CASENT0283208
PH49	Pheidole.epem085	CASENT0199482
PH507	Pheidole.pugnax	CASENT0283558
PH508	Pheidole.epem192	CASENT0283557
PH509	Pheidole.epem193	CASENT0283198
PH510	Pheidole.epem195	CASENT0283117
PH511	Pheidole.epem187	CASENT0283118
PH512	Pheidole.epem185	CASENT0283114
PH518	Pheidole.texticeps	CASENT0283526
PH519	Pheidole.purpurea	CASENT0283153
PH520	Pheidole.protensa	CASENT0282721
PH524	Pheidole.epem188	CASENT0283481
PH527	Pheidole.simonsi	CASENT0283070
PH53	Pheidole.fervens	CASENT0282493
PH531	Pheidole.epem151	CASENT0714694
PH532	Pheidole.epem153	CASENT0714693
PH535	Pheidole.epem156	CASENT0283772
PH536	Pheidole.epem154	CASENT0283774
PH539	Pheidole.epem164	CASENT0283767
PH54	Pheidole.epem103	CASENT0199636
PH544	Pheidole.epem155	CASENT0283870
PH554	Pheidole.epem157	CASENT0283843
PH556	Pheidole.epem150	CASENT0283918
PH561	Pheidole.epem152	CASENT0283902
PH564	Pheidole.epem158	CASENT0283913
PH569	Pheidole.multispina	CASENT0283529
PH57	Pheidole.epem023	CASENT0199495
PH571	Pheidole.dea	CASENT0283446
PH572	Pheidole.tz03	CASENT0282712
PH573	Pheidole.liengmei	CASENT0283068
PH575	Pheidole.punctulata	CASENT0283066
PH576	Pheidole.ug01	CASENT0283158
PH578	Pheidole.ke01	CASENT0283278
PH579	Pheidole.concinna	CASENT0283318
PH581	Pheidole.ke08	CASENT0283275
PH582	Pheidole.tz02	CASENT0282918
PH583	Pheidole.kohli	CASENT0283064
PH584	Pheidole.nigeriensis	CASENT0283555
PH589	Pheidole.ceres	CASENT0283149
PH59	Pheidole.sericella	CASENT0282497
PH591	Pheidole.bicarinata	CASENT0283402
PH592	Pheidole.perpilosa	CASENT0283508
PH593	Pheidole.militicida	CASENT0283148
PH595	Pheidole.vallicola	CASENT0283063
PH597	Pheidole.epem191	CASENT0283062
PH599	Pheidole.fimbriata	CASENT0283061
PH60	Pheidole.epem113	CASENT0219468
PH601	Pheidole.fissiceps	CASENT0283448
PH602	Pheidole.amazonica	CASENT0283449
PH603	Pheidole.allarmata	CASENT0283450
PH604	Cephalotes.setulifer	CASENT0283451
PH605	Pheidole.rhea	CASENT0283452
PH607	Pheidole.tysoni	CASENT0283454
PH608	Pheidole.vulgaris	CASENT0283455
PH610	Pheidole.epem174	CASENT0283868
PH612	Pheidole.epem061	CASENT0283461
PH614	Pheidole.epem130	CASENT0283464
PH615	Pheidole.epem132	CASENT0283465
PH617	Pheidole.epem198	CASENT0283516
PH619	Pheidole.gf086	CASENT0283317
PH62	Pheidole.epem128	CASENT0262500
PH620	Pheidole.epem197	CASENT0283517
PH622	Pheidole.emsm106	CASENT0283509
PH623	Pheidole.epem199	CASENT0283358
PH624	Pheidole.gf058	CASENT0716882
PH625	Pheidole.gf061	CASENT0716873
PH636	Pheidole.gf052	CASENT0716856
PH638	Pheidole.gf053	CASENT0717555
PH64	Pheidole.sauberi	CASENT0282502
PH65	Pheidole.epem050	CASENT0282503
PH662	Pheidole.gf076	CASENT0716867
PH667	Pheidole.sexdentata	CASENT0716140
PH67	Pheidole.epem031	CASENT0282504
PH68	Pheidole.epem038	CASENT0199528
PH680	Pheidole.gf051	CASENT0716869
PH687	Pheidole.gf060	CASENT0716889
PH69	Pheidole.hospes	CASENT0199539
PH7	Pheidole.epem019	CASENT0283778
PH70	Pheidole.epem055	CASENT0199533
PH710	Pheidole.gf032	CASENT0717252
PH711	Pheidole.aristotelis	CASENT0717253
PH712	Pheidole.gf075	CASENT0717254
PH713	Pheidole.navigans	CASENT0717255
PH714	Pheidole.gf040	CASENT0717256
PH715	Pheidole.gf031	CASENT0717257
PH716	Pheidole.gf020	CASENT0717258
PH721	Pheidole.minuscula	CASENT0717263
PH725	Pheidole.gf036	CASENT0717267
PH726	Pheidole.cariniceps	CASENT0717268
PH732	Pheidole.gf034	CASENT0717274
PH733	Pheidole.gf077	CASENT0717275
PH734	Pheidole.gf024	CASENT0717276
PH740	Pheidole.gouldi	CASENT0717282
PH742	Pheidole.gf042	CASENT0717284
PH746	Pheidole.spinicornis	CASENT0717288
PH748	Pheidole.jordanica	CASENT0717290
PH749	Pheidole.hirsuta	CASENT0717291
PH77	Pheidole.epem032	CASENT0199326
PH776	Pheidole.SA02	CASENT0717319
PH783	Pheidole.sarawakana	CASENT0717326
PH785	Pheidole.sinaitica	CASENT0717328
PH803	Pheidole.gf070	CASENT0717788
PH808	Pheidole.gf055	CASENT0717783
PH815	Pheidole.gf069	CASENT0717776
PH817	Pheidole.gf059	CASENT0717774
PH82	Pheidole.epem173	CASENT0282508
PH833	Pheidole.gf033	CASENT0717758
PH836	Pheidole.tandjongensis	CASENT0717755
PH843	Pheidole.gf026	CASENT0717748
PH846	Pheidole.binghamii	CASENT0717745
PH847	Pheidole.havilandi	CASENT0717744
PH848	Pheidole.gf044	CASENT0717743
PH851	Pheidole.gf023	CASENT0717344
PH863	Pheidole.gf035	CASENT0717332
PH874	Pheidole.gf085	CASENT0717862
PH879	Pheidole.gf039	CASENT0717867
PH88	Pheidole.sabahna	CASENT0282514
PH89	Pheidole.bluntschlii	CASENT0282515
PH891	Pheidole.ryukyuensis	CASENT0717879
PH894	Pheidole.conficta	CASENT0717882
PH899	Pheidole.gf029	CASENT0717887
PH905	Pheidole.fervida	CASENT0717893
PH913	Pheidole.gf068	CASENT0717901
PH916	Pheidole.gf045	CASENT0717904
PH92	Pheidole.montana	CASENT0282518
PH939	Pheidole.flavens	CASENT0717927
PH95	Pheidole.singaporensis	CASENT0283807
PH951	Pheidole.gf046	CASENT0717939
PH952	Pheidole.zoceana	CASENT0717940
PH956	Pheidole.gf030	CASENT0717944
PH957	Pheidole.CLM014004	CASENT0717945
PH96	Pheidole.elisae	CASENT0283808
PH960	Pheidole.sagei	CASENT0717948
PH962	Pheidole.smythiesii	CASENT0717950
PH964	Pheidole.CLM014007	CASENT0717952
PH97	Pheidole.angulicollis	CASENT0283809
PH970	Pheidole.tumida	CASENT0717958
PH971	Pheidole.planifrons	CASENT0717959
PH974	Pheidole.gf037	CASENT0717962
PH977	Pheidole.hongkongensis	CASENT0717965
PH982	Pheidole.vieti	CASENT0717970
PH983	Pheidole.roberti	CASENT0717971
PH993	Pheidole.jtl199	CASENT0636650
PH995	Pheidole.jtl197	CASENT0636648
PH997	Pheidole.jtl195	CASENT0636646
PH998	Pheidole.branstetteri	CASENT0636645
PH999	Pheidole.jtl203	CASENT0636644
RA0116	Pheidole.sospes	CASENT0339824
RA0142	Pheidole.obscurithorax	CASENT0283225
RA0146	Pheidole.californica	CASENT0283226
RA0150	Pheidole.minutula	CASENT0283227
RA0153	Pheidole.boruca	CASENT0283228
RA0155	Pheidole.absurda	CASENT0283230
RA0156	Pheidole.dossena	CASENT0283231
RA0163	Pheidole.erratilis	CASENT0283245
RA0164	Pheidole.diana	CASENT0283246
RA0165	Pheidole.browni	CASENT0283247
RA0166	Pheidole.sicaria	CASENT0283248
RA0169	Pheidole.rugulosa	CASENT0283251
RA0170	Pheidole.sebofila	CASENT0283252
RA0171	Pheidole.biconstricta	CASENT0283253
RA0172	Pheidole.sensitiva	CASENT0283254
RA0173	Pheidole.violacea	CASENT0283255
RA0174	Pheidole.cocciphaga	CASENT0283256
RA0175	Pheidole.innupta	CASENT0283257
RA0176	Pheidole.boltoni	CASENT0283258
RA0177	Pheidole.picobarva	CASENT0283259
RA0179	Pheidole.nitella	CASENT0283261
RA0181	Pheidole.rhinoceros	CASENT0283263
RA0182	Pheidole.fiorii	CASENT0283264
RA0183	Pheidole.nitidicollis	CASENT0283265
RA0184	Pheidole.prostrata	CASENT0283267
RA0203	Pheidole.pilifera	CASENT0283270
RA0204	Pheidole.sciophila	CASENT0283271
RA0208	Pheidole.vistana	CASENT0283272
RA0244	Pheidole.jelskii	CASENT0283274
RA0316	Pheidole.mg107	CASENT0077599
RA0317	Pheidole.megacephala.spinosa	CASENT0498508
RA0331	Pheidole.floridana	CASENT0283280
RA0332	Pheidole.adrianoi	CASENT0283281
RA0337	Pheidole.sitiens	CASENT0283284
RA0379	Pheidole.spadonia	CASENT0283288
RA0380	Pheidole.cerebrosior	CASENT0283289
RA0451	Pheidole.tepicana	CASENT0283292
RA0456	Pheidole.clydei	CASENT0283293
RA0460	Pheidole.cavigenis	CASENT0283294
RA0461	Pheidole.cockerelli	CASENT0283295
RA0462	Pheidole.senex	CASENT0283296
RA0467	Pheidole.micula	CASENT0283299
RA0471	Pheidole.diversipilosa	CASENT0283301
RA0496	Pheidole.morrisii	CASENT0283306
RA0497	Pheidole.davisi	CASENT0339720
RA0520	Pheidole.emsm105	CASENT0339723
RA0524	Pheidole.metallescens	CASENT0339724
RA0525	Pheidole.pelor	CASENT0339725
RA0526	Pheidole.titanis	CASENT0339726
RA0527	Pheidole.juniperae	CASENT0339727
RA0528	Pheidole.hoplitica	CASENT0339728
RA0557	Pheidole.emsm174	CASENT0339732
RA0558	Pheidole.emsm175	CASENT0339733
RA0559	Pheidole.emsm177	CASENT0339734
RA0563	Pheidole.speculifera	CASENT0339736
RA0569	Pheidole.harlequina	CASENT0339740
RA0570	Pheidole.constipata	CASENT0339741
RA0573	Pheidole.psammophila	CASENT0339744
RA0576	Pheidole.clementensis	CASENT0339747
RA0577	Pheidole.portalensis	CASENT0339748
RA0578	Pheidole.macrops	CASENT0339749
RA0579	Pheidole.yaqui	CASENT0339750
RA0580	Pheidole.sciara	CASENT0339751
RA0606	Pheidole.inquilina	CASENT0339753
RA0641	Pheidole.obtusospinosa	CASENT0339757
RA0709	Pheidole.carrolli	CASENT0339759
RA0710	Pheidole.littoralis	CASENT0339760
