Subfamily	Genus	Species_subspecies_no	Species_no	Grafted_species	Phylogeny_pub	Phylogeny_data_source	Phylogeny_file_path	Notes
Myrmicinae	Acanthognathus	7	7					
Myrmicinae	Acanthomyrmex	19	19					
Ectatomminae	Acanthoponera	4	4					
Dorylinae	Acanthostichus	23	23					
Myrmicinae	Acromyrmex	51	33					
Formicinae	Acropyga	42	42		Blaimer et al 2016	UCEs	genus_studies/acropyga/blaimer2016/Acropyga_with_outgroup.tre	Available
Myrmicinae	Adelomyrmex	31	31					
Amblyoponinae	Adetomyrma	9	9					
Myrmicinae	Adlerzia	1	1					
Dorylinae	Aenictogiton	7	7					
Dorylinae	Aenictus	229	204		Borowiec 2019	UCEs	genus_studies/aenictus/borowiec2019/Aenictus_with_outgroup.tre	Available
Formicinae	Agraulomyrmex	3	3					
Ectatomminae	Alfaria	9	9					
Formicinae	Alloformica	4	4					
Myrmicinae	Allomerus	8	8					
Amblyoponinae	Amblyopone	10	10					
Myrmicinae	Amoimyrmex	3	3					
Myrmicinae	Ancyridris	2	2					
Aneuretinae	Aneuretus	1	1					
Dolichoderinae	Anillidris	1	1					
Myrmicinae	Anillomyrma	2	2					
Agroecomyrmecinae	Ankylomyrma	1	1					
Ponerinae	Anochetus	115	115		Dore et al 2025	UCEs	genus_studies/anochetus/dore2025/Anochetus_with_outgroup.tre	Available
Dolichoderinae	Anonychomyrma	32	27					
Formicinae	Anoplolepis	15	10					
Myrmicinae	Aphaenogaster	219	207		Branstetter et al 2022	UCEs		Available
Formicinae	Aphomomyrmex	1	1					
Apomyrminae	Apomyrma	1	1					
Myrmicinae	Apterostigma	44	44					
Dolichoderinae	Aptinoma	2	2					
Myrmicinae	Aretidris	2	2					
Dolichoderinae	Arnoldius	4	3					
Ponerinae	Asphinctopone	3	3					
Myrmicinae	Atopomyrmex	3	3					
Myrmicinae	Atta	20	19		Barrera et al 2022			
Ectatomminae	Aulacopone	1	1					
Myrmicinae	Austromorium	2	2					
Ponerinae	Austroponera	3	3					
Dolichoderinae	Axinidris	21	21					
Dolichoderinae	Azteca	113	84					
Formicinae	Bajcaridris	3	3					
Myrmicinae	Baracidris	3	3					
Myrmicinae	Bariamyrma	1	1					
Myrmicinae	Basiceros	9	9					
Ectatomminae	Bazboltonia	1	1					
Ponerinae	Belonopelta	2	2					
Myrmicinae	Blepharidatta	4	4					
Ponerinae	Boloponera	2	2					
Ponerinae	Boltonopone	1	1					
Myrmicinae	Bondroitia	2	2					
Dolichoderinae	Bothriomyrmex	28	24					
Ponerinae	Bothroponera	46	43		Dore et al 2025			
Formicinae	Brachymyrmex	41	40					
Ponerinae	Brachyponera	28	23		Dore et al 2025			
Formicinae	Bregmatomyrma	1	1					
Ponerinae	Buniapone	2	1					
Formicinae	Calomyrmex	14	9					
Myrmicinae	Calyptomyrmex	38	38					
Formicinae	Camponotus	1507	1103		Ward et al 2025	UCEs	genus_studies/camponotus/ward2025/Camponotus_with_outgroup.tre	Available
Myrmicinae	Cardiocondyla	90	88		Oettler et al 2010			
Myrmicinae	Carebara	252	230					
Formicinae	Cataglyphis	125	107		Pletincx 2024			
Myrmicinae	Cataulacus	65	65					
Ponerinae	Centromyrmex	17	15					
Myrmicinae	Cephalotes	123	123		Price et al 2022	UCEs	genus_studies/cephalotes/price2022/Cephalotes_with_outgroup.tre	Available
Dorylinae	Cerapachys	6	6					
Myrmicinae	Chelaner	53	52					
Dorylinae	Cheliomyrmex	4	4					
Myrmicinae	Chimaeridris	2	2					
Dolichoderinae	Chronoxenus	9	6					
Dorylinae	Chrysapace	4	4					
Formicinae	Cladomyrma	13	13					
Formicinae	Colobopsis	119	97		Ward et al 2025	UCEs	genus_studies/camponotus/ward2025/Colobopsis_with_outgroup.tre	Available
Myrmicinae	Colobostruma	16	16					
uncertain	Condylodon	1	1					
Ponerinae	Corrieopone	1	1					
Myrmicinae	Crematogaster	788	528		Blaimer 2012	Multilocus	genus_studies/crematogaster/blaimer2012/Crematogaster_with_outgroup.tre	Not available, received by email
Myrmicinae	Cryptomyrmex	2	2					
Ponerinae	Cryptopone	24	23					
Myrmicinae	Cyatta	1	1					
Dorylinae	Cylindromyrmex	10	10					
Myrmicinae	Cyphoidris	4	4					
Myrmicinae	Cyphomyrmex	23	23					
Myrmicinae	Dacatria	1	1					
Myrmicinae	Dacetinops	7	7					
Myrmicinae	Daceton	2	2					
Ponerinae	Diacamma	67	44		Dore et al 2025	UCEs	genus_studies/diacamma/dore2025/Diacamma_with_outgroup.tre	Available
Myrmicinae	Diaphoromyrma	1	1					
Myrmicinae	Dicroaspis	2	2					
Myrmicinae	Dilobocondyla	22	21					
Formicinae	Dinomyrmex	2	1					
Ponerinae	Dinoponera	8	8					
Myrmicinae	Diplomorium	1	1					
Proceratiinae	Discothyrea	49	49					
Dolichoderinae	Doleromyrma	4	2					
Dolichoderinae	Dolichoderus	150	131					
Ponerinae	Dolioponera	1	1					
Myrmicinae	Dolopomyrmex	1	1					
Dorylinae	Dorylus	127	60		Borowiec 2019	UCEs	genus_studies/dorylus/borowiec2019/Dorylus_with_outgroup.tre	Available
Dolichoderinae	Dorymyrmex	87	61		Oberski 2025	UCEs	genus_studies/dorymyrmex/oberski2025/Dorymyrmex_with_outgroup.tre	Available
Dorylinae	Eburopone	2	2					
Formicinae	Echinopla	39	36					
Dorylinae	Eciton	29	12					
Dolichoderinae	Ecphorella	1	1					
Ectatomminae	Ectatomma	15	15		Camacho et al 2022	UCEs	genus_studies/ectatomma/camacho2022/Ectatomma_with_outgroup.tre	Available
Ponerinae	Ectomomyrmex	31	27					
Ponerinae	Emeryopone	5	5					
Myrmicinae	Epelysidris	1	1					
Myrmicinae	Epopostruma	20	20					
Myrmicinae	Erromyrma	1	1					
Ponerinae	Euponera	27	26		Dore et al 2025			
Formicinae	Euprenolepis	8	8					
Myrmicinae	Eurhopalothrix	55	55					
Dorylinae	Eusphinctus	2	2					
Myrmicinae	Eutetramorium	3	3					
Ponerinae	Feroponera	1	1					
Ponerinae	Fisheropone	2	2					
Dolichoderinae	Forelius	19	19					
Formicinae	Formica	284	260		Borowiec et al 2021	UCEs	genus_studies/formica/borowiec2021/Formica_with_outgroup.tre	Available
Myrmicinae	Formicoxenus	8	8					
Myrmicinae	Formosimyrma	1	1					
Dolichoderinae	Froggattella	2	2					
Amblyoponinae	Fulakora	26	26					
Myrmicinae	Gaoligongidris	1	1					
Myrmicinae	Gauromyrmex	3	3					
Formicinae	Gesomyrmex	7	6					
Formicinae	Gigantiops	1	1					
Ectatomminae	Gnamptogenys	33	33		Camacho et al 2022	UCEs	genus_studies/gnamptogenys/camacho2022/Gnamptogenys_with_outgroup.tre	Available
Myrmicinae	Goniomma	10	10					
Dolichoderinae	Gracilidris	1	1					
Ponerinae	Hagensia	6	2					
Myrmicinae	Harpagoxenus	4	3					
Ponerinae	Harpegnathos	13	9					
Ectatomminae	Heteroponera	27	27		Camacho et al 2022	UCEs	genus_studies/heteroponera/camacho2022/Heteroponera_with_outgroup.tre	Available
Ectatomminae	Holcoponera	40	40		Camacho et al 2022	UCEs	genus_studies/holcoponera/camacho2022/Holcoponera_with_outgroup.tre	Available
Myrmicinae	Huberia	2	2					
Myrmicinae	Hylomyrma	30	30					
Ponerinae	Hypoponera	177	155		Dore et al 2025	UCEs	genus_studies/hypoponera/dore2025/Hypoponera_with_outgroup.tre	Available
Formicinae	Iberoformica	1	1					
Ponerinae	Igaponera	1	1					
Myrmicinae	Indomyrma	2	2					
Dolichoderinae	Iridomyrmex	80	79					
Ponerinae	Iroponera	1	1					
Myrmicinae	Ishakidris	1	1					
Myrmicinae	Kalathomyrmex	1	1					
Myrmicinae	Kartidris	6	6					
Myrmicinae	Kempfidris	1	1					
Dorylinae	Labidus	9	8					
Myrmicinae	Lachnomyrmex	16	16					
Myrmicinae	Lasiomyrma	4	4					
Formicinae	Lasiophanes	6	6					
Formicinae	Lasius	141	140		Boudinot et al	Multilocus	genus_studies/lasius/boudinot2022/Lasius_with_outgroup.tre	Not available, received by email
Formicinae	Lathidris	3	3					
Myrmicinae	Lenomyrmex	7	7					
Formicinae	Lepisiota	147	102					
Leptanillinae	Leptanilla	66	66		Griebenow?			
Dorylinae	Leptanilloides	19	19					
Ponerinae	Leptogenys	334	320		Dore et al 2025	UCEs	genus_studies/leptogenys/dore2025/Leptogenys_with_outgroup.tre	Available
Dolichoderinae	Leptomyrmex	28	28		Lucky 2011			
Myrmicinae	Leptothorax	20	20					
Dolichoderinae	Linepithema	22	22		Wild 2009			
Dolichoderinae	Liometopum	7	7					
Myrmicinae	Liomyrmex	1	1					
Dorylinae	Lioponera	76	76		Borowiec 2019	UCEs	genus_studies/lioponera/borowiec2019/Lioponera_with_outgroup.tre	Available
Dorylinae	Lividopone	1	1					
Ponerinae	Loboponera	9	9					
Myrmicinae	Lophomyrmex	13	13					
Myrmicinae	Lordomyrma	36	36					
Dolichoderinae	Loweriella	1	1					
Ponerinae	Makebapone	1	1					
Myrmicinae	Malagidris	6	6					
Myrmicinae	Manica	6	6					
Martialinae	Martialis	1	1					
Ponerinae	Mayaponera	7	7					
Myrmicinae	Mayriella	9	9					
Myrmicinae	Megalomyrmex	45	45					
Ponerinae	Megaponera	6	1					
Myrmicinae	Melissotarsus	4	4					
Formicinae	Melophorus	92	92					
Myrmicinae	Meranoplus	93	93					
Ponerinae	Mesoponera	26	20		Dore et al 2025			
Myrmicinae	Mesostruma	9	9					
Myrmicinae	Messor	170	132		Juve 2025	UCEs	genus_studies/messor/juve2025/Messor_with_outgroup.tre	Available
Formicinae	Metalasius	1	1					
Myrmicinae	Metapone	33	33					
Myrmicinae	Microdaceton	4	4					
Myrmicinae	Monomorium	321	299					
Myrmicinae	Mycetagroicus	4	4					
Myrmicinae	Mycetarotes	4	4					
Myrmicinae	Mycetomoellerius	33	32					
Myrmicinae	Mycetophylax	21	21					
Myrmicinae	Mycetosoritis	2	2					
Myrmicinae	Mycocepurus	6	6					
Ponerinae	Myopias	48	46		Dore et al 2025			
Amblyoponinae	Myopopone	1	1					
Pseudomyrmecinae	Myrcidris	1	1					
Myrmeciinae	Myrmecia	93	93		Mera-Rodríguez et al 2023	UCEs	genus_studies/myrmecia/mera-rodriguez2023/Myrmecia_with_outgroup.tre	Not available, received by email
Myrmicinae	Myrmecina	106	105					
Formicinae	Myrmecocystus	31	31		van Elst et al 2021		X	
Formicinae	Myrmecorhynchus	3	3					
Formicinae	Myrmelachista	69	56					
Myrmicinae	Myrmica	214	212		Jansen 2010			Not available
Myrmicinae	Myrmicaria	71	38					
Myrmicinae	Myrmicocrypta	31	27					
Formicinae	Myrmoteras	42	42					
Amblyoponinae	Mystrium	14	14					
Dolichoderinae	Nebothriomyrmex	1	1					
Dorylinae	Neivamyrmex	130	129					
Dorylinae	Neocerapachys	2	2					
Ponerinae	Neoponera	58	58		Dore et al 2025	UCEs		nonmonophyletic
Myrmicinae	Nesomyrmex	87	86					
Ponerinae	NewGenus	1	1					
Dorylinae	Nomamyrmex	2	2					
Myrmeciinae	Nothomyrmecia	1	1					
Formicinae	Notoncus	6	6					
Formicinae	Notostigma	2	2					
Myrmicinae	Novomessor	3	3					
Formicinae	Nylanderia	158	133		Williams et al 2020	UCEs	genus_studies/nylanderia/williams2020/Nylanderia_with_outgroup.tre	Not available, received by email
Dolichoderinae	Ochetellus	10	7					
Myrmicinae	Ochetomyrmex	2	2					
Myrmicinae	Octostruma	35	35					
Myrmicinae	Ocymyrmex	34	34		Mbanyana et al 2024	UCEs		
Ponerinae	Odontomachus	81	81		Dore et al 2025	UCEs	genus_studies/odontomachus/dore2025/Odontomachus_with_outgroup.tre	Available
Ponerinae	Odontoponera	4	2					
Formicinae	Oecophylla	15	3					
Amblyoponinae	Onychomyrmex	4	4					
Dorylinae	Ooceraea	18	18					
Leptanillinae	Opamyrma	1	1					
Ponerinae	Ophthalmopone	6	5					
Formicinae	Opisthopsis	20	13					
Myrmicinae	Orectognathus	29	29					
Formicinae	Overbeckia	3	3					
Myrmicinae	Oxyepoecus	21	21					
Myrmicinae	Oxyopomyrmex	14	14					
Ponerinae	Pachycondyla	18	18					
Ponerinae	Paltothyreus	7	1					
Dolichoderinae	Papyrius	5	2					
Myrmicinae	Paramycetophylax	1	1					
Formicinae	Paraparatrechina	43	39					
Paraponerinae	Paraponera	1	1					
Dorylinae	Parasyscia	57	57		Borowiec 2019			Only two named species, not worth it
Myrmicinae	Paratopula	12	12					
Myrmicinae	Paratrachymyrmex	9	9					
Formicinae	Paratrechina	5	5					
Ponerinae	Parvaponera	7	5					
Myrmicinae	Patagonomyrmex	3	3					
Myrmicinae	Perissomyrmex	6	6					
Myrmicinae	Peronomyrmex	3	3					
Formicinae	Petalomyrmex	1	1					
Myrmicinae	Phalacromyrmex	1	1					
Myrmicinae	Pheidole	1298	1174		Economo et al 2019	Multilocus	genus_studies/pheidole/economo2019/Pheidole_with_outgroup.tre	Available
Dolichoderinae	Philidris	16	9					
Ponerinae	Phrynoponera	5	5					
Myrmicinae	Pilotrochus	1	1					
Formicinae	Plagiolepis	79	66					
Ponerinae	Platythyrea	40	40		Dore et al 2025			
Ponerinae	Plectroctena	16	16					
Myrmicinae	Podomyrma	62	52					
Myrmicinae	Poecilomyrma	2	2					
Myrmicinae	Pogonomyrmex	95	93		Graber et al 2025	UCEs		
Formicinae	Polyergus	15	15					
Formicinae	Polyrhachis	793	711		Mezger and Moreau 2016	Multilocus	genus_studies/polyrhachis/mezger2016/Polyrhachis_with_outgroup.tre	Not available, received by email
Ponerinae	Ponera	62	62					
Ectatomminae	Poneracantha	17	17		Camacho et al 2022	UCEs	genus_studies/poneracantha/camacho2022/Poneracantha_with_outgroup.tre	Available
Formicinae	Prenolepis	21	21					
Amblyoponinae	Prionopelta	25	25					
Myrmicinae	Pristomyrmex	61	61					
Myrmicinae	Proatta	1	1					
Proceratiinae	Probolomyrmex	30	30					
Proceratiinae	Proceratium	87	87					
Myrmicinae	Procryptocerus	44	44					
Formicinae	Proformica	33	31		Sanllorente et al 2018			
Formicinae	Prolasius	19	19					
Ponerinae	Promyopias	1	1					
Myrmicinae	Propodilobus	1	1					
Myrmicinae	Protalaridris	7	7					
Leptanillinae	Protanilla	21	21					
Ponerinae	Psalidomyrmex	6	6					
Myrmicinae	Pseudoatta	2	1					
Formicinae	Pseudolasius	66	49					
Pseudomyrmecinae	Pseudomyrmex	155	147		Chomicki et al 2015	Multilocus	genus_studies/pseudomyrmex/chomicki2015/Pseudomyrmex_with_outgroup.tre	
Ponerinae	Pseudoneoponera	29	19					
Formicinae	Pseudonotoncus	2	2					
Ponerinae	Pseudoponera	6	6					
Ponerinae	Rasopone	15	15					
Dolichoderinae	Ravavy	1	1					
Myrmicinae	Recurvidris	12	12					
Formicinae	Retalimyrma	1	1					
Myrmicinae	Rhopalomastix	14	14					
Myrmicinae	Rhopalothrix	19	19					
Ectatomminae	Rhytidoponera	104	104		Camacho et al 2022	UCEs	genus_studies/rhytidoponera/camacho2022/Rhytidoponera_with_outgroup.tre	
Myrmicinae	Rogeria	40	40					
Myrmicinae	Romblonella	10	10					
Formicinae	Rossomyrmex	4	4					
Myrmicinae	Rostromyrmex	1	1					
Myrmicinae	Rotastruma	3	3					
Myrmicinae	Royidris	15	15					
Formicinae	Santschiella	1	1					
Myrmicinae	Secostruma	1	1					
Myrmicinae	Sericomyrmex	11	11		Ješovnik et al 2017			
Ponerinae	Simopelta	22	22					
Dorylinae	Simopone	40	40		Borowiec 2019			
Myrmicinae	Solenopsis	215	194		Gotzek 2020			
Dorylinae	Sphinctomyrmex	3	3					
Ponerinae	Sritoponera	1	1					
Myrmicinae	Stegomyrmex	5	5					
Myrmicinae	Stenamma	85	85		Branstetter et al 2022		genus_studies/stenamma/branstetter2022/Stenamma_with_outgroup.tre	Available
Myrmicinae	Stereomyrmex	3	3					
Ectatomminae	Stictoponera	43	43		Camacho et al 2022	UCEs	genus_studies/stictoponera/camacho2022/Stictoponera_with_outgroup.tre	Available
Formicinae	Stigmacros	39	39					
Amblyoponinae	Stigmatomma	55	55					
Ponerinae	Streblognathus	2	2					
Myrmicinae	Strongylognathus	27	26					
Myrmicinae	Strumigenys	882	882		Booher et al 2021	RAD-seq	genus_studies/strumigenys/booher2021/Strumigenys_with_outgroup.tre	Available, some processing needed
Ponerinae	Subiridopone	1	1					
Myrmicinae	Syllophopsis	25	24					
Dorylinae	Syscia	45	45		Borowiec 2019			
Myrmicinae	Talaridris	1	1					
Dorylinae	Tanipone	10	10					
Formicinae	Tapinolepis	18	14					
Dolichoderinae	Tapinoma	102	82					
Agroecomyrmecinae	Tatuidris	1	1					
Dolichoderinae	Technomyrmex	97	97					
Myrmicinae	Temnothorax	540	507		Prebus 2017	Multilocus	genus_studies/temnothorax/prebus2017/Temnothorax_with_outgroup.tre	Not available, received by email
Myrmicinae	Terataner	14	14					
Formicinae	Teratomyrmex	3	3					
Myrmicinae	Tetheamyrma	2	2					
Myrmicinae	Tetramorium	604	594					
Pseudomyrmecinae	Tetraponera	87	87					
Ponerinae	Thaumatomyrmex	13	13					
Myrmicinae	Trachymyrmex	9	9					
Myrmicinae	Tranopelta	2	2					
Myrmicinae	Trichomyrmex	29	26					
Myrmicinae	Tropidomyrmex	1	1					
Dolichoderinae	Turneria	8	8					
Ectatomminae	Typhlomyrmex	11	11		Camacho et al 2022	UCEs	genus_studies/typhlomyrmex/camacho2022/Typhlomyrmex_with_outgroup.tre	
Myrmicinae	Tyrannomyrmex	4	4					
Myrmicinae	Unicumyrmex	1	1					
Formicinae	Uwari	1	1					
Myrmicinae	Veromessor	10	10					
Dorylinae	Vicinopone	1	1					
Myrmicinae	Vitsika	16	16					
Myrmicinae	Vollenhovia	83	66					
Myrmicinae	Vombisidris	19	19					
Ponerinae	Wadeura	4	4					
Myrmicinae	Wasmannia	11	11					
Myrmicinae	Xenomyrmex	5	4					
Myrmicinae	Xerolitor	1	1					
Ponerinae	Xiphopelta	1	1					
Amblyoponinae	Xymmer	3	3					
Dorylinae	Yunodorylus	4	4					
Dorylinae	Zasphinctus	29	29					
Formicinae	Zatania	6	6					
Total		16251	14538					