taxon,birth,death,ccp,source
__TAXONOMIC_ROOT__,0.44638922694031546,0.3651456680463725,0.9996586659499218,computed
Formicidae,0.44638922694031546,0.3651456680463725,0.9996586659499218,computed
Acanthognathus,0.44638922694031546,0.3651456680463725,0.0,from Formicidae (crown capture probability)
Acanthomyrmex,0.44638922694031546,0.3651456680463725,0.0,from Formicidae (crown capture probability)
Acanthoponera,0.06413378005559904,0.0,0.8333333333333334,computed
Acanthostichus,0.44638922694031546,0.3651456680463725,0.7272727272727273,from Formicidae (crown capture probability)
Acropyga,0.18867491937697742,0.0,0.8864468864468864,computed
Adelomyrmex,0.44638922694031546,0.3651456680463725,0.0,from Formicidae (crown capture probability)
Adetomyrma,0.038727868266157595,0.0,0.9722222222222222,computed
Adlerzia,0.44638922694031546,0.3651456680463725,0,from Formicidae (singleton)
Aenictogiton,0.44638922694031546,0.3651456680463725,0.41666666666666663,from Formicidae (crown capture probability)
Aenictus,1.4948450083586384,1.3440799561763388,0.913588850174216,computed
Agraulomyrmex,0.44638922694031546,0.3651456680463725,0.0,from Formicidae (crown capture probability)
Alfaria,0.44638922694031546,0.3651456680463725,0.625,from Formicidae (crown capture probability)
Alloformica,0.44638922694031546,0.3651456680463725,0.0,from Formicidae (crown capture probability)
Allomerus,0.44638922694031546,0.3651456680463725,0.0,from Formicidae (crown capture probability)
Amblyopone,0.44638922694031546,0.3651456680463725,0.40740740740740744,from Formicidae (crown capture probability)
Amoimyrmex,0.44638922694031546,0.3651456680463725,0.6666666666666667,from Formicidae (crown capture probability)
Ancyridris,0.44638922694031546,0.3651456680463725,0.0,from Formicidae (cherry)
Aneuretus,0.44638922694031546,0.3651456680463725,0,from Formicidae (singleton)
Anillidris,0.44638922694031546,0.3651456680463725,0.0,from Formicidae (cherry)
Anillomyrma,0.44638922694031546,0.3651456680463725,0.0,from Formicidae (cherry)
Ankylomyrma,0.44638922694031546,0.3651456680463725,0,from Formicidae (singleton)
Anochetus,0.19794305823757133,0.0,0.9800065552277941,computed
Anonychomyrma,0.44638922694031546,0.3651456680463725,0.5384615384615384,from Formicidae (crown capture probability)
Anoplolepis,0.44638922694031546,0.3651456680463725,0.6111111111111112,from Formicidae (crown capture probability)
Aphomomyrmex,0.44638922694031546,0.3651456680463725,0,from Formicidae (singleton)
Apomyrma,0.44638922694031546,0.3651456680463725,0,from Formicidae (singleton)
Apterostigma,0.20219448844773463,0.1131806339718947,0.8855098389982111,computed
Aptinoma,0.44638922694031546,0.3651456680463725,1.0,from Formicidae (cherry)
Aretidris,0.44638922694031546,0.3651456680463725,0.0,from Formicidae (cherry)
Arnoldius,0.44638922694031546,0.3651456680463725,0.0,from Formicidae (crown capture probability)
Asphinctopone,0.44638922694031546,0.3651456680463725,0.0,from Formicidae (crown capture probability)
Atopomyrmex,0.44638922694031546,0.3651456680463725,0.6666666666666667,from Formicidae (crown capture probability)
Atta,0.4058318585702845,0.0,0.962962962962963,computed
Aulacopone,0.44638922694031546,0.3651456680463725,0.0,from Formicidae (cherry)
Austromorium,0.44638922694031546,0.3651456680463725,0.0,from Formicidae (cherry)
Austroponera,0.030741570827744723,0.0,0.8333333333333334,computed
Axinidris,0.44638922694031546,0.3651456680463725,0.3666666666666667,from Formicidae (crown capture probability)
Azteca,0.44638922694031546,0.3651456680463725,0.7680722891566265,from Formicidae (crown capture probability)
Bajcaridris,0.44638922694031546,0.3651456680463725,0.0,from Formicidae (crown capture probability)
Baracidris,0.44638922694031546,0.3651456680463725,0.0,from Formicidae (crown capture probability)
Bariamyrma,0.44638922694031546,0.3651456680463725,0,from Formicidae (singleton)
Basiceros,0.03919854292078864,0.0,0.9375,computed
Bazboltonia,0.44638922694031546,0.3651456680463725,0,from Formicidae (singleton)
Belonopelta,0.44638922694031546,0.3651456680463725,1.0,from Formicidae (cherry)
Blepharidatta,0.44638922694031546,0.3651456680463725,0.5555555555555556,from Formicidae (crown capture probability)
Boloponera,0.44638922694031546,0.3651456680463725,0.0,from Formicidae (cherry)
Boltonopone,0.44638922694031546,0.3651456680463725,0.7555555555555555,from Formicidae (crown capture probability)
Bondroitia,0.44638922694031546,0.3651456680463725,0.0,from Formicidae (crown capture probability)
Bothriomyrmex,0.44638922694031546,0.3651456680463725,0.5434782608695652,from Formicidae (crown capture probability)
Bothroponera,0.26474808231273317,0.0,0.9547325102880658,computed
Brachymyrmex,0.44638922694031546,0.3651456680463725,0.7509157509157509,from Formicidae (crown capture probability)
Brachyponera,0.24262780234288664,0.0,0.8484848484848485,computed
Bregmatomyrma,0.44638922694031546,0.3651456680463725,0.0,from Formicidae (cherry)
Buniapone,0.44638922694031546,0.3651456680463725,0,from Formicidae (singleton)
Calomyrmex,0.2980009518115508,0.0,0.8333333333333334,computed
Calyptomyrmex,0.44638922694031546,0.3651456680463725,0.3513513513513513,from Formicidae (crown capture probability)
Camponotus,0.8724937835412225,0.0,0.9922689075630252,computed
Cardiocondyla,1.9032810775035092,1.9032146310493583,0.9411494252873563,computed
Carebara,0.6976596731887647,0.6072031651728215,0.8899594320486816,computed
Cataulacus,0.22999022682778963,0.14481623184937334,0.8725961538461539,computed
Centromyrmex,0.09028544227694496,0.014567325056750331,0.8571428571428572,computed
Cephalotes,0.3094610667023838,0.0,0.9889233495790872,computed
Cerapachys,0.44638922694031546,0.3651456680463725,0.4666666666666667,from Formicidae (crown capture probability)
Chelaner,0.12869127844367625,0.0,0.9352941176470588,computed
Cheliomyrmex,0.1361896551472369,0.0,0.8333333333333334,computed
Chimaeridris,0.44638922694031546,0.3651456680463725,0.0,from Formicidae (unsampled)
Chronoxenus,0.44638922694031546,0.3651456680463725,0.0,from Formicidae (crown capture probability)
Chrysapace,0.44638922694031546,0.3651456680463725,0.5555555555555556,from Formicidae (crown capture probability)
Cladomyrma,0.44638922694031546,0.3651456680463725,0.0,from Formicidae (crown capture probability)
Colobopsis,0.18853235991963527,0.0,0.9070294784580499,computed
Colobostruma,0.44638922694031546,0.3651456680463725,0.0,from Formicidae (crown capture probability)
Condylodon,0.44638922694031546,0.3651456680463725,0.0,from Formicidae (unsampled)
Corrieopone,0.44638922694031546,0.3651456680463725,0,from Formicidae (singleton)
Crematogaster,0.3152983049948105,0.06981888500966375,0.9904997675207661,computed
Cryptomyrmex,0.44638922694031546,0.3651456680463725,0.0,from Formicidae (cherry)
Cryptopone,0.14034533820241557,0.05201118767985061,0.919732441471572,computed
Cyatta,0.44638922694031546,0.3651456680463725,0,from Formicidae (singleton)
Cylindromyrmex,0.44638922694031546,0.3651456680463725,0.6111111111111112,from Formicidae (crown capture probability)
Cyphoidris,0.44638922694031546,0.3651456680463725,0.0,from Formicidae (crown capture probability)
Dacatria,0.44638922694031546,0.3651456680463725,0,from Formicidae (singleton)
Dacetinops,0.44638922694031546,0.3651456680463725,0.4444444444444444,from Formicidae (crown capture probability)
Daceton,0.44638922694031546,0.3651456680463725,0.0,from Formicidae (cherry)
Diacamma,1.0000000282819324,1.0000000272819323,0.8355555555555556,computed
Diaphoromyrma,0.44638922694031546,0.3651456680463725,0,from Formicidae (singleton)
Dicroaspis,0.44638922694031546,0.3651456680463725,0.0,from Formicidae (crown capture probability)
Dilobocondyla,0.44638922694031546,0.3651456680463725,0.0,from Formicidae (crown capture probability)
Dinomyrmex,0.44638922694031546,0.3651456680463725,0,from Formicidae (singleton)
Dinoponera,0.44638922694031546,0.3651456680463725,0.4285714285714286,from Formicidae (crown capture probability)
Diplomorium,0.44638922694031546,0.3651456680463725,0,from Formicidae (singleton)
Discothyrea,0.44638922694031546,0.3651456680463725,0.0,from Formicidae (crown capture probability)
Doleromyrma,0.44638922694031546,0.3651456680463725,0.0,from Formicidae (cherry)
Dolichoderus,0.44638922694031546,0.3651456680463725,0.7615384615384615,from Formicidae (crown capture probability)
Dolioponera,0.44638922694031546,0.3651456680463725,0,from Formicidae (singleton)
Dolopomyrmex,0.44638922694031546,0.3651456680463725,0,from Formicidae (singleton)
Dorylus,0.5670782805988476,0.3748122131291178,0.9046610169491526,computed
Dorymyrmex,0.14231715697032735,0.0,0.96875,computed
Eburopone,0.44638922694031546,0.3651456680463725,0.75,from Formicidae (crown capture probability)
Echinopla,0.44638922694031546,0.3651456680463725,0.35238095238095235,from Formicidae (crown capture probability)
Eciton,0.33856592155661236,0.0,0.9191919191919192,computed
Ecphorella,0.44638922694031546,0.3651456680463725,0.0,from Formicidae (cherry)
Ectatomma,0.13117249818274854,0.0,0.9795918367346939,computed
Ectomomyrmex,0.24824534538353976,0.05345160027566888,0.9423076923076923,computed
Emeryopone,0.44638922694031546,0.3651456680463725,0.5,from Formicidae (crown capture probability)
Epelysidris,0.44638922694031546,0.3651456680463725,0,from Formicidae (singleton)
Epopostruma,0.44638922694031546,0.3651456680463725,0.0,from Formicidae (crown capture probability)
Erromyrma,0.44638922694031546,0.3651456680463725,0,from Formicidae (singleton)
Euponera,0.15602023623762776,0.0,1.0,computed
Euprenolepis,0.44638922694031546,0.3651456680463725,0.4285714285714286,from Formicidae (crown capture probability)
Eusphinctus,0.44638922694031546,0.3651456680463725,0.0,from Formicidae (crown capture probability)
Eutetramorium,0.018542406164325835,0.0,1.0,computed
Feroponera,0.44638922694031546,0.3651456680463725,0,from Formicidae (singleton)
Fisheropone,0.06298381711204659,0.0,0.8441558441558441,computed
Forelius,0.3271238774139764,0.0,0.8641975308641976,computed
Formica,0.5160710601056843,0.0,0.9850765693462322,computed
Formicoxenus,0.44638922694031546,0.3651456680463725,0.0,from Formicidae (crown capture probability)
Formosimyrma,0.44638922694031546,0.3651456680463725,0.0,from Formicidae (cherry)
Froggattella,0.44638922694031546,0.3651456680463725,1.0,from Formicidae (cherry)
Fulakora,0.44638922694031546,0.3651456680463725,0.7714285714285715,from Formicidae (crown capture probability)
Gaoligongidris,0.44638922694031546,0.3651456680463725,0.0,from Formicidae (cherry)
Gauromyrmex,0.44638922694031546,0.3651456680463725,0.0,from Formicidae (crown capture probability)
Gesomyrmex,0.44638922694031546,0.3651456680463725,0.0,from Formicidae (crown capture probability)
Gigantiops,0.44638922694031546,0.3651456680463725,0,from Formicidae (singleton)
Gnamptogenys,0.09759223284760786,0.0,0.946236559139785,computed
Gracilidris,0.44638922694031546,0.3651456680463725,0,from Formicidae (singleton)
Hagensia,0.44638922694031546,0.3651456680463725,1.0,from Formicidae (cherry)
Harpagoxenus,0.44638922694031546,0.3651456680463725,0.0,from Formicidae (crown capture probability)
Harpegnathos,0.44638922694031546,0.3651456680463725,0.41666666666666663,from Formicidae (crown capture probability)
Heteroponera,0.3259352553652713,0.31807828966714174,0.9230769230769231,computed
Holcoponera,0.20580048576797413,0.1495086308108866,0.9406207827260459,computed
Huberia,0.44638922694031546,0.3651456680463725,1.0,from Formicidae (cherry)
Hylomyrma,0.22295780030540976,0.0,0.8314176245210728,computed
Hypoponera,0.24564493674111468,0.019963154724360974,0.9731815306767868,computed
Iberoformica,0.44638922694031546,0.3651456680463725,0,from Formicidae (singleton)
Igaponera,0.44638922694031546,0.3651456680463725,0.0,from Formicidae (cherry)
Indomyrma,0.44638922694031546,0.3651456680463725,0.0,from Formicidae (cherry)
Iridomyrmex,0.44638922694031546,0.3651456680463725,0.6153846153846154,from Formicidae (crown capture probability)
Ishakidris,0.44638922694031546,0.3651456680463725,0.0,from Formicidae (cherry)
Kalathomyrmex,0.44638922694031546,0.3651456680463725,0,from Formicidae (singleton)
Kartidris,0.44638922694031546,0.3651456680463725,0.0,from Formicidae (crown capture probability)
Kempfidris,0.44638922694031546,0.3651456680463725,0,from Formicidae (singleton)
Labidus,0.44638922694031546,0.3651456680463725,0.6428571428571428,from Formicidae (crown capture probability)
Lachnomyrmex,0.44638922694031546,0.3651456680463725,0.0,from Formicidae (crown capture probability)
Lasiomyrma,0.44638922694031546,0.3651456680463725,0.0,from Formicidae (crown capture probability)
Lasiophanes,0.44638922694031546,0.3651456680463725,0.0,from Formicidae (crown capture probability)
Lathidris,0.06928634479873888,0.06928395040447775,1.0,computed
Lenomyrmex,0.44638922694031546,0.3651456680463725,0.0,from Formicidae (crown capture probability)
Lepisiota,0.44638922694031546,0.3651456680463725,0.0,from Formicidae (crown capture probability)
Leptanilla,0.44638922694031546,0.3651456680463725,0.0,from Formicidae (crown capture probability)
Leptanilloides,0.07191349843867696,0.0,0.8888888888888888,computed
Leptogenys,0.19294929046644818,0.0,0.9937888198757764,computed
Leptomyrmex,0.06635034701275294,0.0,0.9881481481481481,computed
Linepithema,0.08416805721221504,0.0,0.9663865546218487,computed
Liometopum,0.44638922694031546,0.3651456680463725,0.6666666666666667,from Formicidae (crown capture probability)
Liomyrmex,0.44638922694031546,0.3651456680463725,0,from Formicidae (singleton)
Lioponera,0.25180348189575136,0.08619528324625049,0.8555555555555556,computed
Lividopone,0.44638922694031546,0.3651456680463725,0.0,from Formicidae (cherry)
Loboponera,0.44638922694031546,0.3651456680463725,0.0,from Formicidae (crown capture probability)
Lophomyrmex,0.44638922694031546,0.3651456680463725,0.5833333333333333,from Formicidae (crown capture probability)
Loweriella,0.44638922694031546,0.3651456680463725,0,from Formicidae (singleton)
Makebapone,0.44638922694031546,0.3651456680463725,0.0,from Formicidae (cherry)
Malagidris,0.09504467158814105,0.02759053045039122,1.0,computed
Manica,0.18770621116877506,0.0,0.9333333333333333,computed
Martialis,0.44638922694031546,0.3651456680463725,0,from Formicidae (singleton)
Mayaponera,0.06413694990299038,0.035391634070773136,0.8888888888888888,computed
Mayriella,0.44638922694031546,0.3651456680463725,0.41666666666666663,from Formicidae (crown capture probability)
Megalomyrmex,0.44638922694031546,0.3651456680463725,0.3484848484848485,from Formicidae (crown capture probability)
Megaponera,0.44638922694031546,0.3651456680463725,0,from Formicidae (singleton)
Melissotarsus,0.05235876486268486,0.05235857498495769,1.0,computed
Melophorus,0.0976042484216734,0.0,0.9402197802197803,computed
Meranoplus,0.44638922694031546,0.3651456680463725,0.7298136645962733,from Formicidae (crown capture probability)
Mesoponera,0.12382816718753167,0.0,0.84,computed
Mesostruma,0.44638922694031546,0.3651456680463725,0.0,from Formicidae (crown capture probability)
Messor,0.2819732526444243,0.0,0.9745454545454545,computed
Metalasius,0.44638922694031546,0.3651456680463725,0,from Formicidae (singleton)
Metapone,0.44638922694031546,0.3651456680463725,0.35416666666666663,from Formicidae (crown capture probability)
Microdaceton,0.44638922694031546,0.3651456680463725,0.0,from Formicidae (crown capture probability)
Monomorium,1.0087427776250708,0.8177910933185979,0.9417412881648506,computed
Mycetagroicus,0.05370576384713925,0.053705641630504605,0.8333333333333334,computed
Mycetarotes,0.44638922694031546,0.3651456680463725,0.5555555555555556,from Formicidae (crown capture probability)
Mycetomoellerius,0.44638922694031546,0.3651456680463725,0.7983870967741935,from Formicidae (crown capture probability)
Mycetophylax,0.10433674298552145,0.0,0.8555555555555556,computed
Mycetosoritis,0.44638922694031546,0.3651456680463725,0.0,from Formicidae (cherry)
Mycocepurus,0.44638922694031546,0.3651456680463725,0.7,from Formicidae (crown capture probability)
Myopias,0.34673472475071127,0.2862470956773479,0.8347826086956522,computed
Myopopone,0.44638922694031546,0.3651456680463725,0,from Formicidae (singleton)
Myrcidris,0.44638922694031546,0.3651456680463725,0,from Formicidae (singleton)
Myrmecia,0.13215165322070357,0.0,0.9941245593419507,computed
Myrmecina,0.44638922694031546,0.3651456680463725,0.5096153846153846,from Formicidae (crown capture probability)
Myrmecocystus,0.5519457262052087,0.0,0.9813333333333333,computed
Myrmecorhynchus,0.44638922694031546,0.3651456680463725,0.0,from Formicidae (crown capture probability)
Myrmelachista,0.36242975758272616,0.1578815593573424,0.9534545454545454,computed
Myrmica,0.2988195086029808,0.003270086246881309,0.9821954656077879,computed
Myrmicaria,0.44638922694031546,0.3651456680463725,0.527027027027027,from Formicidae (crown capture probability)
Myrmicocrypta,0.12727798122247178,0.0,0.9230769230769231,computed
Myrmoteras,0.44638922694031546,0.3651456680463725,0.34959349593495936,from Formicidae (crown capture probability)
Mystrium,0.162142398668544,0.0,0.9615384615384616,computed
Nebothriomyrmex,0.44638922694031546,0.3651456680463725,0,from Formicidae (singleton)
Neivamyrmex,0.38064728264672765,0.0,0.9232954545454546,computed
Neocerapachys,0.44638922694031546,0.3651456680463725,1.0,from Formicidae (cherry)
Neoponera,0.17541569867505263,0.0,0.9974481658692185,computed
Nesomyrmex,0.39623118080763897,0.3252733931494086,0.9666666666666667,computed
Nomamyrmex,0.44638922694031546,0.3651456680463725,1.0,from Formicidae (cherry)
Nothomyrmecia,0.44638922694031546,0.3651456680463725,0,from Formicidae (singleton)
Notoncus,0.44638922694031546,0.3651456680463725,0.0,from Formicidae (crown capture probability)
Notostigma,0.44638922694031546,0.3651456680463725,0.0,from Formicidae (cherry)
Novomessor,0.029390643860939338,0.0,1.0,computed
Nylanderia,0.2419910760230346,0.0,0.96900826446281,computed
Ochetellus,0.44638922694031546,0.3651456680463725,0.0,from Formicidae (crown capture probability)
Ochetomyrmex,0.44638922694031546,0.3651456680463725,1.0,from Formicidae (cherry)
Octostruma,0.44638922694031546,0.3651456680463725,0.5294117647058824,from Formicidae (crown capture probability)
Ocymyrmex,0.21934166242296868,0.0,0.9641873278236914,computed
Odontomachus,0.2830454647844434,0.0,0.9798515376458112,computed
Odontoponera,0.44638922694031546,0.3651456680463725,1.0,from Formicidae (cherry)
Oecophylla,0.44638922694031546,0.3651456680463725,0.6666666666666667,from Formicidae (crown capture probability)
Onychomyrmex,0.44638922694031546,0.3651456680463725,0.0,from Formicidae (crown capture probability)
Ooceraea,0.44638922694031546,0.3651456680463725,0.5588235294117647,from Formicidae (crown capture probability)
Opamyrma,0.44638922694031546,0.3651456680463725,0,from Formicidae (singleton)
Ophthalmopone,0.44638922694031546,0.3651456680463725,0.5,from Formicidae (crown capture probability)
Opisthopsis,0.44638922694031546,0.3651456680463725,0.7,from Formicidae (crown capture probability)
Orectognathus,0.44638922694031546,0.3651456680463725,0.0,from Formicidae (crown capture probability)
Overbeckia,0.44638922694031546,0.3651456680463725,0.6666666666666667,from Formicidae (crown capture probability)
Oxyepoecus,0.44638922694031546,0.3651456680463725,0.0,from Formicidae (crown capture probability)
Oxyopomyrmex,0.44638922694031546,0.3651456680463725,0.5769230769230769,from Formicidae (crown capture probability)
Pachycondyla,0.27306258571217634,0.0,0.8974358974358975,computed
Paltothyreus,0.44638922694031546,0.3651456680463725,0,from Formicidae (singleton)
Papyrius,0.44638922694031546,0.3651456680463725,0.0,from Formicidae (cherry)
Paramycetophylax,0.44638922694031546,0.3651456680463725,0,from Formicidae (singleton)
Paraparatrechina,0.10769161975794674,0.0,0.84,computed
Paraponera,0.44638922694031546,0.3651456680463725,0,from Formicidae (singleton)
Parasyscia,0.44638922694031546,0.3651456680463725,0.6210526315789473,from Formicidae (crown capture probability)
Paratopula,0.44638922694031546,0.3651456680463725,0.0,from Formicidae (crown capture probability)
Paratrachymyrmex,0.0804922704303439,0.0,0.8333333333333334,computed
Paratrechina,0.44638922694031546,0.3651456680463725,0.75,from Formicidae (crown capture probability)
Parvaponera,0.44638922694031546,0.3651456680463725,0.0,from Formicidae (crown capture probability)
Patagonomyrmex,0.44638922694031546,0.3651456680463725,0.6666666666666667,from Formicidae (crown capture probability)
Perissomyrmex,0.44638922694031546,0.3651456680463725,0.0,from Formicidae (crown capture probability)
Peronomyrmex,0.44638922694031546,0.3651456680463725,0.0,from Formicidae (crown capture probability)
Petalomyrmex,0.44638922694031546,0.3651456680463725,0,from Formicidae (singleton)
Phalacromyrmex,0.44638922694031546,0.3651456680463725,0,from Formicidae (singleton)
Pheidole,0.4201015686222357,0.08916933417616303,0.9963035582269937,computed
Philidris,0.44638922694031546,0.3651456680463725,0.0,from Formicidae (crown capture probability)
Phrynoponera,0.13494798196119756,0.0,1.0,computed
Pilotrochus,0.44638922694031546,0.3651456680463725,0,from Formicidae (singleton)
Plagiolepis,0.44638922694031546,0.3651456680463725,0.3435897435897436,from Formicidae (crown capture probability)
Platythyrea,0.06671385029510321,0.0,0.9671794871794872,computed
Plectroctena,0.20863021485307992,0.05960291696681396,0.8095238095238095,computed
Podomyrma,0.44638922694031546,0.3651456680463725,0.6235294117647059,from Formicidae (crown capture probability)
Poecilomyrma,0.44638922694031546,0.3651456680463725,0.0,from Formicidae (cherry)
Pogonomyrmex,0.11077631644712246,0.0,0.9946236559139785,computed
Polyergus,0.44638922694031546,0.3651456680463725,0.6857142857142857,from Formicidae (crown capture probability)
Polyrhachis,0.30238565678332474,0.0,0.993523720349563,computed
Ponera,0.25751275291805864,0.0,0.9036885245901639,computed
Poneracantha,0.12478311828082893,0.0,0.869281045751634,computed
Prenolepis,0.44638922694031546,0.3651456680463725,0.55,from Formicidae (crown capture probability)
Prionopelta,0.44638922694031546,0.3651456680463725,0.65,from Formicidae (crown capture probability)
Pristomyrmex,0.44638922694031546,0.3651456680463725,0.62,from Formicidae (crown capture probability)
Proatta,0.44638922694031546,0.3651456680463725,0,from Formicidae (singleton)
Probolomyrmex,0.44638922694031546,0.3651456680463725,0.3563218390804598,from Formicidae (crown capture probability)
Proceratium,0.44638922694031546,0.3651456680463725,0.0,from Formicidae (crown capture probability)
Procryptocerus,0.44638922694031546,0.3651456680463725,0.627906976744186,from Formicidae (crown capture probability)
Proformica,0.44638922694031546,0.3651456680463725,0.3555555555555555,from Formicidae (crown capture probability)
Prolasius,0.44638922694031546,0.3651456680463725,0.0,from Formicidae (crown capture probability)
Promyopias,0.44638922694031546,0.3651456680463725,0,from Formicidae (singleton)
Propodilobus,0.44638922694031546,0.3651456680463725,0,from Formicidae (singleton)
Protalaridris,0.44638922694031546,0.3651456680463725,0.0,from Formicidae (crown capture probability)
Protanilla,0.44638922694031546,0.3651456680463725,0.0,from Formicidae (crown capture probability)
Psalidomyrmex,0.14576819974055708,0.0,0.84,computed
Pseudoatta,0.44638922694031546,0.3651456680463725,0.0,from Formicidae (cherry)
Pseudolasius,0.44638922694031546,0.3651456680463725,0.3466666666666667,from Formicidae (crown capture probability)
Pseudomyrmex,0.26249849985079354,0.05932229588924835,0.9959144436433549,computed
Pseudoneoponera,0.298715421887835,0.15428628713366943,0.8289473684210527,computed
Pseudonotoncus,0.44638922694031546,0.3651456680463725,0.0,from Formicidae (cherry)
Pseudoponera,0.10052945229754373,0.10052835084872905,1.0,computed
Rasopone,0.2531957286336398,0.011516553412968386,0.9795918367346939,computed
Ravavy,0.44638922694031546,0.3651456680463725,0,from Formicidae (singleton)
Recurvidris,0.44638922694031546,0.3651456680463725,0.3846153846153846,from Formicidae (crown capture probability)
Retalimyrma,0.44638922694031546,0.3651456680463725,0,from Formicidae (singleton)
Rhopalomastix,0.44638922694031546,0.3651456680463725,0.3846153846153846,from Formicidae (crown capture probability)
Rhopalothrix,0.44638922694031546,0.3651456680463725,0.0,from Formicidae (crown capture probability)
Rhytidoponera,0.22852430921512792,0.0,0.9223300970873787,computed
Rogeria,0.44638922694031546,0.3651456680463725,0.3504273504273504,from Formicidae (crown capture probability)
Romblonella,0.44638922694031546,0.3651456680463725,0.40740740740740744,from Formicidae (crown capture probability)
Rossomyrmex,0.44638922694031546,0.3651456680463725,0.0,from Formicidae (crown capture probability)
Rostromyrmex,0.44638922694031546,0.3651456680463725,0,from Formicidae (singleton)
Rotastruma,0.44638922694031546,0.3651456680463725,0.6666666666666667,from Formicidae (crown capture probability)
Royidris,0.06596603107041092,0.0,0.9795918367346939,computed
Santschiella,0.44638922694031546,0.3651456680463725,0,from Formicidae (singleton)
Secostruma,0.44638922694031546,0.3651456680463725,0.0,from Formicidae (cherry)
Sericomyrmex,0.3897206093167777,0.0,0.96,computed
Simopelta,0.11216496959564175,0.0,0.9387755102040817,computed
Simopone,0.07071936652152071,0.0,0.9557109557109558,computed
Solenopsis,1.0491385884580917,0.9606238138503924,0.8756476683937824,computed
Sphinctomyrmex,0.44638922694031546,0.3651456680463725,0.6666666666666667,from Formicidae (crown capture probability)
Sritoponera,0.44638922694031546,0.3651456680463725,0,from Formicidae (singleton)
Stegomyrmex,0.44638922694031546,0.3651456680463725,0.0,from Formicidae (crown capture probability)
Stenamma,0.14048654163353616,0.0,0.9811507936507936,computed
Stereomyrmex,0.44638922694031546,0.3651456680463725,0.0,from Formicidae (crown capture probability)
Stictoponera,0.16125523081412083,0.0,0.8380952380952381,computed
Stigmacros,0.44638922694031546,0.3651456680463725,0.0,from Formicidae (crown capture probability)
Streblognathus,0.44638922694031546,0.3651456680463725,0.0,from Formicidae (cherry)
Strongylognathus,0.44638922694031546,0.3651456680463725,0.0,from Formicidae (crown capture probability)
Strumigenys,0.26087779398732075,0.0,0.9969277210656521,computed
Subiridopone,0.44638922694031546,0.3651456680463725,0,from Formicidae (singleton)
Syllophopsis,1.0000000282819324,1.0000000272819323,0.8152173913043479,computed
Syscia,0.29926483997270165,0.0,0.983957219251337,computed
TACTTMPAcromyrmex01,0.44638922694031546,0.3651456680463725,0.0,from Formicidae (crown capture probability)
TACTTMPAcromyrmex02,0.44638922694031546,0.3651456680463725,0,from Formicidae (singleton)
TACTTMPAcromyrmex03,0.44638922694031546,0.3651456680463725,0.0,from Formicidae (crown capture probability)
TACTTMPAcromyrmex04,0.44638922694031546,0.3651456680463725,0.0,from Formicidae (cherry)
TACTTMPAcromyrmex05,0.44638922694031546,0.3651456680463725,0.0,from Formicidae (cherry)
TACTTMPAcromyrmex06,0.44638922694031546,0.3651456680463725,0,from Formicidae (singleton)
TACTTMPAcromyrmex07,0.44638922694031546,0.3651456680463725,0.0,from Formicidae (crown capture probability)
TACTTMPAcromyrmex08,0.44638922694031546,0.3651456680463725,0.0,from Formicidae (cherry)
TACTTMPAcromyrmex09,0.44638922694031546,0.3651456680463725,0.0,from Formicidae (crown capture probability)
TACTTMPAcromyrmex10,0.44638922694031546,0.3651456680463725,0.0,from Formicidae (cherry)
TACTTMPAcromyrmex11,0.44638922694031546,0.3651456680463725,0.0,from Formicidae (crown capture probability)
TACTTMPAphaenogaster01,0.44638922694031546,0.3651456680463725,0.0,from Formicidae (crown capture probability)
TACTTMPAphaenogaster02,0.44638922694031546,0.3651456680463725,0.0,from Formicidae (crown capture probability)
TACTTMPAphaenogaster03,0.44638922694031546,0.3651456680463725,0.0,from Formicidae (crown capture probability)
TACTTMPAphaenogaster04,0.44638922694031546,0.3651456680463725,0,from Formicidae (singleton)
TACTTMPAphaenogaster05,0.44638922694031546,0.3651456680463725,0.0,from Formicidae (crown capture probability)
TACTTMPAphaenogaster06,0.44638922694031546,0.3651456680463725,0.0,from Formicidae (cherry)
TACTTMPAphaenogaster07,0.44638922694031546,0.3651456680463725,0.0,from Formicidae (crown capture probability)
TACTTMPAphaenogaster08,0.44638922694031546,0.3651456680463725,0.0,from Formicidae (crown capture probability)
TACTTMPAphaenogaster09,0.44638922694031546,0.3651456680463725,0.0,from Formicidae (crown capture probability)
TACTTMPAphaenogaster10,0.44638922694031546,0.3651456680463725,0.0,from Formicidae (crown capture probability)
TACTTMPAphaenogaster11,0.44638922694031546,0.3651456680463725,0.0,from Formicidae (crown capture probability)
TACTTMPAphaenogaster12,0.44638922694031546,0.3651456680463725,0.0,from Formicidae (crown capture probability)
TACTTMPAphaenogaster13,0.44638922694031546,0.3651456680463725,0.0,from Formicidae (crown capture probability)
TACTTMPAphaenogaster14,0.44638922694031546,0.3651456680463725,0.0,from Formicidae (cherry)
TACTTMPAphaenogaster15,0.44638922694031546,0.3651456680463725,0.0,from Formicidae (crown capture probability)
TACTTMPAphaenogaster16,0.44638922694031546,0.3651456680463725,0.0,from Formicidae (crown capture probability)
TACTTMPAphaenogaster17,0.44638922694031546,0.3651456680463725,0.0,from Formicidae (crown capture probability)
TACTTMPAphaenogaster18,0.44638922694031546,0.3651456680463725,0.0,from Formicidae (crown capture probability)
TACTTMPAphaenogaster19,0.44638922694031546,0.3651456680463725,0.0,from Formicidae (crown capture probability)
TACTTMPAphaenogaster20,0.44638922694031546,0.3651456680463725,0.0,from Formicidae (crown capture probability)
TACTTMPAphaenogaster21,0.44638922694031546,0.3651456680463725,0.0,from Formicidae (crown capture probability)
TACTTMPAphaenogaster22,0.44638922694031546,0.3651456680463725,0.0,from Formicidae (crown capture probability)
TACTTMPAphaenogaster23,0.44638922694031546,0.3651456680463725,0.0,from Formicidae (crown capture probability)
TACTTMPAphaenogaster24,0.44638922694031546,0.3651456680463725,0,from Formicidae (singleton)
TACTTMPAphaenogaster25,0.44638922694031546,0.3651456680463725,0.0,from Formicidae (crown capture probability)
TACTTMPAphaenogaster26,0.44638922694031546,0.3651456680463725,0.0,from Formicidae (crown capture probability)
TACTTMPAphaenogaster27,0.44638922694031546,0.3651456680463725,0.0,from Formicidae (crown capture probability)
TACTTMPAphaenogaster28,0.44638922694031546,0.3651456680463725,0.0,from Formicidae (crown capture probability)
TACTTMPAphaenogaster29,0.44638922694031546,0.3651456680463725,0.0,from Formicidae (crown capture probability)
TACTTMPAphaenogaster30,0.44638922694031546,0.3651456680463725,0.0,from Formicidae (crown capture probability)
TACTTMPAphaenogaster31,0.44638922694031546,0.3651456680463725,0.0,from Formicidae (cherry)
TACTTMPAphaenogaster32,0.44638922694031546,0.3651456680463725,0.0,from Formicidae (crown capture probability)
TACTTMPAphaenogaster33,0.44638922694031546,0.3651456680463725,0.0,from Formicidae (cherry)
TACTTMPAphaenogaster34,0.44638922694031546,0.3651456680463725,0.0,from Formicidae (crown capture probability)
TACTTMPAphaenogaster35,0.44638922694031546,0.3651456680463725,0.0,from Formicidae (crown capture probability)
TACTTMPAphaenogaster36,0.44638922694031546,0.3651456680463725,0.0,from Formicidae (crown capture probability)
TACTTMPAphaenogaster37,0.44638922694031546,0.3651456680463725,0.0,from Formicidae (crown capture probability)
TACTTMPAphaenogaster38,0.44638922694031546,0.3651456680463725,0.0,from Formicidae (crown capture probability)
TACTTMPAphaenogaster39,0.44638922694031546,0.3651456680463725,0.0,from Formicidae (crown capture probability)
TACTTMPAphaenogaster40,0.44638922694031546,0.3651456680463725,0.0,from Formicidae (crown capture probability)
TACTTMPAphaenogaster41,0.44638922694031546,0.3651456680463725,0.0,from Formicidae (cherry)
TACTTMPAphaenogaster42,0.44638922694031546,0.3651456680463725,0.0,from Formicidae (crown capture probability)
TACTTMPAphaenogaster43,0.44638922694031546,0.3651456680463725,0.0,from Formicidae (crown capture probability)
TACTTMPAphaenogaster44,0.44638922694031546,0.3651456680463725,0.0,from Formicidae (crown capture probability)
TACTTMPAphaenogaster45,0.44638922694031546,0.3651456680463725,0.0,from Formicidae (crown capture probability)
TACTTMPCataglyphis01,0.44638922694031546,0.3651456680463725,0.0,from Formicidae (cherry)
TACTTMPCataglyphis02,0.44638922694031546,0.3651456680463725,0.0,from Formicidae (crown capture probability)
TACTTMPCataglyphis03,0.44638922694031546,0.3651456680463725,0.0,from Formicidae (crown capture probability)
TACTTMPCataglyphis04,0.44638922694031546,0.3651456680463725,0.0,from Formicidae (crown capture probability)
TACTTMPCataglyphis05,0.44638922694031546,0.3651456680463725,0.0,from Formicidae (cherry)
TACTTMPCataglyphis06,0.44638922694031546,0.3651456680463725,0.0,from Formicidae (crown capture probability)
TACTTMPCataglyphis07,0.44638922694031546,0.3651456680463725,0.0,from Formicidae (crown capture probability)
TACTTMPCataglyphis08,0.44638922694031546,0.3651456680463725,0.0,from Formicidae (crown capture probability)
TACTTMPCataglyphis09,0.44638922694031546,0.3651456680463725,0.0,from Formicidae (crown capture probability)
TACTTMPCataglyphis10,0.44638922694031546,0.3651456680463725,0,from Formicidae (singleton)
TACTTMPCataglyphis11,0.44638922694031546,0.3651456680463725,0.0,from Formicidae (crown capture probability)
TACTTMPCataglyphis12,0.44638922694031546,0.3651456680463725,0.0,from Formicidae (cherry)
TACTTMPCataglyphis13,0.44638922694031546,0.3651456680463725,0.0,from Formicidae (crown capture probability)
TACTTMPCataglyphis14,0.44638922694031546,0.3651456680463725,0.0,from Formicidae (crown capture probability)
TACTTMPCataglyphis15,0.44638922694031546,0.3651456680463725,0.0,from Formicidae (cherry)
TACTTMPCataglyphis16,0.44638922694031546,0.3651456680463725,0,from Formicidae (singleton)
TACTTMPCataglyphis17,0.44638922694031546,0.3651456680463725,0.0,from Formicidae (cherry)
TACTTMPCataglyphis18,0.44638922694031546,0.3651456680463725,0.0,from Formicidae (crown capture probability)
TACTTMPCataglyphis19,0.44638922694031546,0.3651456680463725,0.0,from Formicidae (crown capture probability)
TACTTMPCataglyphis20,0.44638922694031546,0.3651456680463725,0.0,from Formicidae (crown capture probability)
TACTTMPCataglyphis21,0.44638922694031546,0.3651456680463725,0.0,from Formicidae (crown capture probability)
TACTTMPCataglyphis22,0.44638922694031546,0.3651456680463725,0.0,from Formicidae (crown capture probability)
TACTTMPCataglyphis23,0.44638922694031546,0.3651456680463725,0.0,from Formicidae (cherry)
TACTTMPCataglyphis24,0.44638922694031546,0.3651456680463725,0,from Formicidae (singleton)
TACTTMPCataglyphis25,0.44638922694031546,0.3651456680463725,0,from Formicidae (singleton)
TACTTMPCataglyphis26,0.44638922694031546,0.3651456680463725,0.0,from Formicidae (cherry)
TACTTMPCataglyphis27,0.44638922694031546,0.3651456680463725,0,from Formicidae (singleton)
TACTTMPCataglyphis28,0.44638922694031546,0.3651456680463725,0,from Formicidae (singleton)
TACTTMPCataglyphis29,0.44638922694031546,0.3651456680463725,0.0,from Formicidae (crown capture probability)
TACTTMPCataglyphis30,0.44638922694031546,0.3651456680463725,0,from Formicidae (singleton)
TACTTMPCataglyphis31,0.44638922694031546,0.3651456680463725,0.0,from Formicidae (crown capture probability)
TACTTMPCataglyphis32,0.44638922694031546,0.3651456680463725,0.0,from Formicidae (cherry)
TACTTMPCataglyphis33,0.44638922694031546,0.3651456680463725,0.0,from Formicidae (crown capture probability)
TACTTMPCataglyphis34,0.44638922694031546,0.3651456680463725,0.0,from Formicidae (crown capture probability)
TACTTMPCataglyphis35,0.44638922694031546,0.3651456680463725,0.0,from Formicidae (crown capture probability)
TACTTMPCataglyphis36,0.44638922694031546,0.3651456680463725,0.0,from Formicidae (cherry)
TACTTMPCataglyphis37,0.44638922694031546,0.3651456680463725,0.0,from Formicidae (crown capture probability)
TACTTMPCyphomyrmex01,0.44638922694031546,0.3651456680463725,0.0,from Formicidae (crown capture probability)
TACTTMPCyphomyrmex02,0.44638922694031546,0.3651456680463725,0.0,from Formicidae (cherry)
TACTTMPCyphomyrmex03,0.44638922694031546,0.3651456680463725,0.0,from Formicidae (crown capture probability)
TACTTMPCyphomyrmex04,0.44638922694031546,0.3651456680463725,0.0,from Formicidae (cherry)
TACTTMPCyphomyrmex05,0.44638922694031546,0.3651456680463725,0,from Formicidae (singleton)
TACTTMPCyphomyrmex06,0.44638922694031546,0.3651456680463725,0.0,from Formicidae (crown capture probability)
TACTTMPCyphomyrmex07,0.44638922694031546,0.3651456680463725,0.0,from Formicidae (crown capture probability)
TACTTMPCyphomyrmex08,0.44638922694031546,0.3651456680463725,0.0,from Formicidae (cherry)
TACTTMPCyphomyrmex09,0.44638922694031546,0.3651456680463725,0.0,from Formicidae (crown capture probability)
TACTTMPEurhopalothrix01,0.44638922694031546,0.3651456680463725,0.0,from Formicidae (crown capture probability)
TACTTMPEurhopalothrix02,0.44638922694031546,0.3651456680463725,0.0,from Formicidae (crown capture probability)
TACTTMPEurhopalothrix03,0.44638922694031546,0.3651456680463725,0.0,from Formicidae (crown capture probability)
TACTTMPEurhopalothrix04,0.44638922694031546,0.3651456680463725,0.0,from Formicidae (crown capture probability)
TACTTMPGoniomma01,0.44638922694031546,0.3651456680463725,0,from Formicidae (singleton)
TACTTMPGoniomma02,0.44638922694031546,0.3651456680463725,0.0,from Formicidae (cherry)
TACTTMPGoniomma03,0.44638922694031546,0.3651456680463725,0.0,from Formicidae (crown capture probability)
TACTTMPGoniomma04,0.44638922694031546,0.3651456680463725,0.0,from Formicidae (crown capture probability)
TACTTMPGoniomma05,0.44638922694031546,0.3651456680463725,0,from Formicidae (singleton)
TACTTMPLasius01,0.44638922694031546,0.3651456680463725,0.0,from Formicidae (crown capture probability)
TACTTMPLasius02,0.44638922694031546,0.3651456680463725,0.0,from Formicidae (crown capture probability)
TACTTMPLasius03,0.44638922694031546,0.3651456680463725,0.0,from Formicidae (crown capture probability)
TACTTMPLasius04,0.44638922694031546,0.3651456680463725,0.0,from Formicidae (crown capture probability)
TACTTMPLasius05,0.44638922694031546,0.3651456680463725,0.0,from Formicidae (crown capture probability)
TACTTMPLasius06,0.44638922694031546,0.3651456680463725,0.0,from Formicidae (crown capture probability)
TACTTMPLasius07,0.44638922694031546,0.3651456680463725,0.0,from Formicidae (cherry)
TACTTMPLasius08,0.44638922694031546,0.3651456680463725,0.0,from Formicidae (crown capture probability)
TACTTMPLasius09,0.44638922694031546,0.3651456680463725,0.0,from Formicidae (crown capture probability)
TACTTMPLasius10,0.44638922694031546,0.3651456680463725,0.0,from Formicidae (crown capture probability)
TACTTMPLasius11,0.44638922694031546,0.3651456680463725,0.0,from Formicidae (crown capture probability)
TACTTMPLasius12,0.44638922694031546,0.3651456680463725,0.0,from Formicidae (crown capture probability)
TACTTMPLasius13,0.44638922694031546,0.3651456680463725,0.0,from Formicidae (crown capture probability)
TACTTMPLasius14,0.44638922694031546,0.3651456680463725,0.0,from Formicidae (crown capture probability)
TACTTMPLasius15,0.44638922694031546,0.3651456680463725,0.0,from Formicidae (crown capture probability)
TACTTMPLasius16,0.44638922694031546,0.3651456680463725,0.0,from Formicidae (crown capture probability)
TACTTMPLasius17,0.44638922694031546,0.3651456680463725,0.0,from Formicidae (crown capture probability)
TACTTMPLasius18,0.44638922694031546,0.3651456680463725,0.0,from Formicidae (crown capture probability)
TACTTMPLasius19,0.44638922694031546,0.3651456680463725,0.0,from Formicidae (crown capture probability)
TACTTMPLasius20,0.44638922694031546,0.3651456680463725,0.0,from Formicidae (crown capture probability)
TACTTMPLasius21,0.44638922694031546,0.3651456680463725,0.0,from Formicidae (crown capture probability)
TACTTMPLasius22,0.44638922694031546,0.3651456680463725,0.0,from Formicidae (crown capture probability)
TACTTMPLasius23,0.44638922694031546,0.3651456680463725,0.0,from Formicidae (crown capture probability)
TACTTMPLasius24,0.44638922694031546,0.3651456680463725,0.0,from Formicidae (crown capture probability)
TACTTMPLasius25,0.44638922694031546,0.3651456680463725,0.0,from Formicidae (crown capture probability)
TACTTMPLasius26,0.44638922694031546,0.3651456680463725,0.0,from Formicidae (crown capture probability)
TACTTMPLasius27,0.44638922694031546,0.3651456680463725,0.0,from Formicidae (crown capture probability)
TACTTMPLeptothorax01,0.44638922694031546,0.3651456680463725,0.0,from Formicidae (crown capture probability)
TACTTMPLeptothorax02,0.44638922694031546,0.3651456680463725,0.0,from Formicidae (crown capture probability)
TACTTMPLeptothorax03,0.44638922694031546,0.3651456680463725,0.0,from Formicidae (crown capture probability)
TACTTMPLordomyrma01,0.44638922694031546,0.3651456680463725,0.0,from Formicidae (crown capture probability)
TACTTMPLordomyrma02,0.44638922694031546,0.3651456680463725,0.0,from Formicidae (crown capture probability)
TACTTMPLordomyrma03,0.44638922694031546,0.3651456680463725,0.0,from Formicidae (crown capture probability)
TACTTMPLordomyrma04,0.44638922694031546,0.3651456680463725,0.0,from Formicidae (crown capture probability)
TACTTMPLordomyrma05,0.44638922694031546,0.3651456680463725,0.0,from Formicidae (crown capture probability)
TACTTMPLordomyrma06,0.44638922694031546,0.3651456680463725,0.0,from Formicidae (crown capture probability)
TACTTMPLordomyrma07,0.44638922694031546,0.3651456680463725,0.0,from Formicidae (crown capture probability)
TACTTMPLordomyrma08,0.44638922694031546,0.3651456680463725,0.0,from Formicidae (cherry)
TACTTMPLordomyrma09,0.44638922694031546,0.3651456680463725,0.0,from Formicidae (crown capture probability)
TACTTMPLordomyrma10,0.44638922694031546,0.3651456680463725,0.0,from Formicidae (cherry)
TACTTMPLordomyrma11,0.44638922694031546,0.3651456680463725,0.0,from Formicidae (crown capture probability)
TACTTMPStigmatomma01,0.44638922694031546,0.3651456680463725,0.0,from Formicidae (crown capture probability)
TACTTMPStigmatomma02,0.44638922694031546,0.3651456680463725,0.0,from Formicidae (crown capture probability)
TACTTMPStigmatomma03,0.44638922694031546,0.3651456680463725,0.0,from Formicidae (crown capture probability)
TACTTMPStigmatomma04,0.44638922694031546,0.3651456680463725,0.0,from Formicidae (crown capture probability)
TACTTMPStigmatomma05,0.44638922694031546,0.3651456680463725,0.0,from Formicidae (crown capture probability)
TACTTMPStigmatomma06,0.44638922694031546,0.3651456680463725,0.0,from Formicidae (crown capture probability)
TACTTMPStigmatomma07,0.44638922694031546,0.3651456680463725,0.0,from Formicidae (cherry)
TACTTMPStigmatomma08,0.44638922694031546,0.3651456680463725,0.0,from Formicidae (crown capture probability)
TACTTMPStigmatomma09,0.44638922694031546,0.3651456680463725,0.0,from Formicidae (crown capture probability)
TACTTMPStigmatomma10,0.44638922694031546,0.3651456680463725,0.0,from Formicidae (crown capture probability)
TACTTMPStigmatomma11,0.44638922694031546,0.3651456680463725,0,from Formicidae (singleton)
TACTTMPStigmatomma12,0.44638922694031546,0.3651456680463725,0.0,from Formicidae (crown capture probability)
TACTTMPStigmatomma13,0.44638922694031546,0.3651456680463725,0.0,from Formicidae (crown capture probability)
TACTTMPStigmatomma14,0.44638922694031546,0.3651456680463725,0.0,from Formicidae (crown capture probability)
TACTTMPTetramorium01,0.44638922694031546,0.3651456680463725,0.0,from Formicidae (crown capture probability)
TACTTMPTetramorium02,0.44638922694031546,0.3651456680463725,0.0,from Formicidae (crown capture probability)
TACTTMPTetramorium03,0.44638922694031546,0.3651456680463725,0.0,from Formicidae (crown capture probability)
TACTTMPTetramorium04,0.44638922694031546,0.3651456680463725,0.0,from Formicidae (crown capture probability)
TACTTMPTetramorium05,0.44638922694031546,0.3651456680463725,0.0,from Formicidae (crown capture probability)
TACTTMPTetramorium06,0.44638922694031546,0.3651456680463725,0.0,from Formicidae (crown capture probability)
TACTTMPTetramorium07,0.44638922694031546,0.3651456680463725,0.0,from Formicidae (crown capture probability)
TACTTMPTetramorium08,0.44638922694031546,0.3651456680463725,0.0,from Formicidae (crown capture probability)
TACTTMPTetramorium09,0.44638922694031546,0.3651456680463725,0.0,from Formicidae (crown capture probability)
TACTTMPTetramorium10,0.44638922694031546,0.3651456680463725,0.0,from Formicidae (crown capture probability)
TACTTMPTetramorium100,0.44638922694031546,0.3651456680463725,0.0,from Formicidae (crown capture probability)
TACTTMPTetramorium101,0.44638922694031546,0.3651456680463725,0.0,from Formicidae (crown capture probability)
TACTTMPTetramorium102,0.44638922694031546,0.3651456680463725,0.0,from Formicidae (crown capture probability)
TACTTMPTetramorium103,0.44638922694031546,0.3651456680463725,0.0,from Formicidae (crown capture probability)
TACTTMPTetramorium104,0.44638922694031546,0.3651456680463725,0.0,from Formicidae (crown capture probability)
TACTTMPTetramorium105,0.44638922694031546,0.3651456680463725,0.0,from Formicidae (crown capture probability)
TACTTMPTetramorium106,0.44638922694031546,0.3651456680463725,0.0,from Formicidae (crown capture probability)
TACTTMPTetramorium107,0.44638922694031546,0.3651456680463725,0.0,from Formicidae (crown capture probability)
TACTTMPTetramorium108,0.44638922694031546,0.3651456680463725,0.0,from Formicidae (crown capture probability)
TACTTMPTetramorium109,0.44638922694031546,0.3651456680463725,0.0,from Formicidae (crown capture probability)
TACTTMPTetramorium11,0.44638922694031546,0.3651456680463725,0.0,from Formicidae (crown capture probability)
TACTTMPTetramorium110,0.44638922694031546,0.3651456680463725,0.0,from Formicidae (crown capture probability)
TACTTMPTetramorium111,0.44638922694031546,0.3651456680463725,0.0,from Formicidae (crown capture probability)
TACTTMPTetramorium12,0.44638922694031546,0.3651456680463725,0.0,from Formicidae (crown capture probability)
TACTTMPTetramorium13,0.44638922694031546,0.3651456680463725,0.0,from Formicidae (crown capture probability)
TACTTMPTetramorium14,0.44638922694031546,0.3651456680463725,0.0,from Formicidae (cherry)
TACTTMPTetramorium15,0.44638922694031546,0.3651456680463725,0.0,from Formicidae (crown capture probability)
TACTTMPTetramorium16,0.44638922694031546,0.3651456680463725,0.0,from Formicidae (crown capture probability)
TACTTMPTetramorium17,0.44638922694031546,0.3651456680463725,0.0,from Formicidae (crown capture probability)
TACTTMPTetramorium18,0.44638922694031546,0.3651456680463725,0.0,from Formicidae (crown capture probability)
TACTTMPTetramorium19,0.44638922694031546,0.3651456680463725,0.0,from Formicidae (crown capture probability)
TACTTMPTetramorium20,0.44638922694031546,0.3651456680463725,0.0,from Formicidae (crown capture probability)
TACTTMPTetramorium21,0.44638922694031546,0.3651456680463725,0.0,from Formicidae (crown capture probability)
TACTTMPTetramorium22,0.44638922694031546,0.3651456680463725,0.0,from Formicidae (crown capture probability)
TACTTMPTetramorium23,0.44638922694031546,0.3651456680463725,0.0,from Formicidae (crown capture probability)
TACTTMPTetramorium24,0.44638922694031546,0.3651456680463725,0.0,from Formicidae (crown capture probability)
TACTTMPTetramorium25,0.44638922694031546,0.3651456680463725,0.0,from Formicidae (crown capture probability)
TACTTMPTetramorium26,0.44638922694031546,0.3651456680463725,0.0,from Formicidae (crown capture probability)
TACTTMPTetramorium27,0.44638922694031546,0.3651456680463725,0.0,from Formicidae (crown capture probability)
TACTTMPTetramorium28,0.44638922694031546,0.3651456680463725,0.0,from Formicidae (crown capture probability)
TACTTMPTetramorium29,0.44638922694031546,0.3651456680463725,0.0,from Formicidae (crown capture probability)
TACTTMPTetramorium30,0.44638922694031546,0.3651456680463725,0.0,from Formicidae (cherry)
TACTTMPTetramorium31,0.44638922694031546,0.3651456680463725,0.0,from Formicidae (crown capture probability)
TACTTMPTetramorium32,0.44638922694031546,0.3651456680463725,0.0,from Formicidae (crown capture probability)
TACTTMPTetramorium33,0.44638922694031546,0.3651456680463725,0.0,from Formicidae (crown capture probability)
TACTTMPTetramorium34,0.44638922694031546,0.3651456680463725,0.0,from Formicidae (crown capture probability)
TACTTMPTetramorium35,0.44638922694031546,0.3651456680463725,0.0,from Formicidae (crown capture probability)
TACTTMPTetramorium36,0.44638922694031546,0.3651456680463725,0.0,from Formicidae (crown capture probability)
TACTTMPTetramorium37,0.44638922694031546,0.3651456680463725,0.0,from Formicidae (crown capture probability)
TACTTMPTetramorium38,0.44638922694031546,0.3651456680463725,0.0,from Formicidae (crown capture probability)
TACTTMPTetramorium39,0.44638922694031546,0.3651456680463725,0.0,from Formicidae (crown capture probability)
TACTTMPTetramorium40,0.44638922694031546,0.3651456680463725,0.0,from Formicidae (crown capture probability)
TACTTMPTetramorium41,0.44638922694031546,0.3651456680463725,0.0,from Formicidae (crown capture probability)
TACTTMPTetramorium42,0.44638922694031546,0.3651456680463725,0.0,from Formicidae (crown capture probability)
TACTTMPTetramorium43,0.44638922694031546,0.3651456680463725,0.0,from Formicidae (crown capture probability)
TACTTMPTetramorium44,0.44638922694031546,0.3651456680463725,0.0,from Formicidae (crown capture probability)
TACTTMPTetramorium45,0.44638922694031546,0.3651456680463725,0.0,from Formicidae (crown capture probability)
TACTTMPTetramorium46,0.44638922694031546,0.3651456680463725,0.0,from Formicidae (crown capture probability)
TACTTMPTetramorium47,0.44638922694031546,0.3651456680463725,0.0,from Formicidae (crown capture probability)
TACTTMPTetramorium48,0.44638922694031546,0.3651456680463725,0.0,from Formicidae (cherry)
TACTTMPTetramorium49,0.44638922694031546,0.3651456680463725,0.0,from Formicidae (crown capture probability)
TACTTMPTetramorium50,0.44638922694031546,0.3651456680463725,0.0,from Formicidae (crown capture probability)
TACTTMPTetramorium51,0.44638922694031546,0.3651456680463725,0.0,from Formicidae (crown capture probability)
TACTTMPTetramorium52,0.44638922694031546,0.3651456680463725,0.0,from Formicidae (crown capture probability)
TACTTMPTetramorium53,0.44638922694031546,0.3651456680463725,0,from Formicidae (singleton)
TACTTMPTetramorium54,0.44638922694031546,0.3651456680463725,0.0,from Formicidae (crown capture probability)
TACTTMPTetramorium55,0.44638922694031546,0.3651456680463725,0.0,from Formicidae (crown capture probability)
TACTTMPTetramorium56,0.44638922694031546,0.3651456680463725,0.0,from Formicidae (crown capture probability)
TACTTMPTetramorium57,0.44638922694031546,0.3651456680463725,0.0,from Formicidae (crown capture probability)
TACTTMPTetramorium58,0.44638922694031546,0.3651456680463725,0.0,from Formicidae (crown capture probability)
TACTTMPTetramorium59,0.44638922694031546,0.3651456680463725,0.0,from Formicidae (crown capture probability)
TACTTMPTetramorium60,0.44638922694031546,0.3651456680463725,0.0,from Formicidae (crown capture probability)
TACTTMPTetramorium61,0.44638922694031546,0.3651456680463725,0.0,from Formicidae (crown capture probability)
TACTTMPTetramorium62,0.44638922694031546,0.3651456680463725,0.0,from Formicidae (crown capture probability)
TACTTMPTetramorium63,0.44638922694031546,0.3651456680463725,0.0,from Formicidae (crown capture probability)
TACTTMPTetramorium64,0.44638922694031546,0.3651456680463725,0.0,from Formicidae (crown capture probability)
TACTTMPTetramorium65,0.44638922694031546,0.3651456680463725,0.0,from Formicidae (crown capture probability)
TACTTMPTetramorium66,0.44638922694031546,0.3651456680463725,0.0,from Formicidae (crown capture probability)
TACTTMPTetramorium67,0.44638922694031546,0.3651456680463725,0.0,from Formicidae (cherry)
TACTTMPTetramorium68,0.44638922694031546,0.3651456680463725,0.0,from Formicidae (crown capture probability)
TACTTMPTetramorium69,0.44638922694031546,0.3651456680463725,0.0,from Formicidae (crown capture probability)
TACTTMPTetramorium70,0.44638922694031546,0.3651456680463725,0.0,from Formicidae (crown capture probability)
TACTTMPTetramorium71,0.44638922694031546,0.3651456680463725,0.0,from Formicidae (crown capture probability)
TACTTMPTetramorium72,0.44638922694031546,0.3651456680463725,0.0,from Formicidae (crown capture probability)
TACTTMPTetramorium73,0.44638922694031546,0.3651456680463725,0.0,from Formicidae (crown capture probability)
TACTTMPTetramorium74,0.44638922694031546,0.3651456680463725,0.0,from Formicidae (crown capture probability)
TACTTMPTetramorium75,0.44638922694031546,0.3651456680463725,0.0,from Formicidae (cherry)
TACTTMPTetramorium76,0.44638922694031546,0.3651456680463725,0.0,from Formicidae (crown capture probability)
TACTTMPTetramorium77,0.44638922694031546,0.3651456680463725,0.0,from Formicidae (crown capture probability)
TACTTMPTetramorium78,0.44638922694031546,0.3651456680463725,0.0,from Formicidae (crown capture probability)
TACTTMPTetramorium79,0.44638922694031546,0.3651456680463725,0.0,from Formicidae (crown capture probability)
TACTTMPTetramorium80,0.44638922694031546,0.3651456680463725,0.0,from Formicidae (crown capture probability)
TACTTMPTetramorium81,0.44638922694031546,0.3651456680463725,0.0,from Formicidae (crown capture probability)
TACTTMPTetramorium82,0.44638922694031546,0.3651456680463725,0.0,from Formicidae (crown capture probability)
TACTTMPTetramorium83,0.44638922694031546,0.3651456680463725,0.0,from Formicidae (crown capture probability)
TACTTMPTetramorium84,0.44638922694031546,0.3651456680463725,0.0,from Formicidae (cherry)
TACTTMPTetramorium85,0.44638922694031546,0.3651456680463725,0.0,from Formicidae (crown capture probability)
TACTTMPTetramorium86,0.44638922694031546,0.3651456680463725,0.0,from Formicidae (crown capture probability)
TACTTMPTetramorium87,0.44638922694031546,0.3651456680463725,0.0,from Formicidae (crown capture probability)
TACTTMPTetramorium88,0.44638922694031546,0.3651456680463725,0.0,from Formicidae (crown capture probability)
TACTTMPTetramorium89,0.44638922694031546,0.3651456680463725,0.0,from Formicidae (crown capture probability)
TACTTMPTetramorium90,0.44638922694031546,0.3651456680463725,0.0,from Formicidae (crown capture probability)
TACTTMPTetramorium91,0.44638922694031546,0.3651456680463725,0.0,from Formicidae (crown capture probability)
TACTTMPTetramorium92,0.44638922694031546,0.3651456680463725,0.0,from Formicidae (crown capture probability)
TACTTMPTetramorium93,0.44638922694031546,0.3651456680463725,0.0,from Formicidae (crown capture probability)
TACTTMPTetramorium94,0.44638922694031546,0.3651456680463725,0.0,from Formicidae (crown capture probability)
TACTTMPTetramorium95,0.44638922694031546,0.3651456680463725,0.0,from Formicidae (crown capture probability)
TACTTMPTetramorium96,0.44638922694031546,0.3651456680463725,0.0,from Formicidae (crown capture probability)
TACTTMPTetramorium97,0.44638922694031546,0.3651456680463725,0.0,from Formicidae (crown capture probability)
TACTTMPTetramorium98,0.44638922694031546,0.3651456680463725,0.0,from Formicidae (cherry)
TACTTMPTetramorium99,0.44638922694031546,0.3651456680463725,0.0,from Formicidae (crown capture probability)
Talaridris,0.44638922694031546,0.3651456680463725,0,from Formicidae (singleton)
Tanipone,0.03501090755036465,0.0,0.9777777777777777,computed
Tapinolepis,0.44638922694031546,0.3651456680463725,0.0,from Formicidae (crown capture probability)
Tapinoma,0.5141393335577922,0.20423833166933622,0.8780487804878049,computed
Tatuidris,0.44638922694031546,0.3651456680463725,0,from Formicidae (singleton)
Technomyrmex,0.3741055132951728,0.26513915840739166,0.8637820512820513,computed
Temnothorax,0.17178108291901723,0.0,0.9849422971240154,computed
Terataner,0.052118970401044074,0.014658427659203797,0.8974358974358975,computed
Teratomyrmex,0.44638922694031546,0.3651456680463725,0.0,from Formicidae (crown capture probability)
Tetheamyrma,0.44638922694031546,0.3651456680463725,0.0,from Formicidae (cherry)
Tetraponera,0.19120659940651077,0.14047444243259666,0.9836427939876216,computed
Thaumatomyrmex,0.44638922694031546,0.3651456680463725,0.7777777777777778,from Formicidae (crown capture probability)
Trachymyrmex,0.44638922694031546,0.3651456680463725,0.625,from Formicidae (crown capture probability)
Tranopelta,0.44638922694031546,0.3651456680463725,1.0,from Formicidae (cherry)
Trichomyrmex,0.44638922694031546,0.3651456680463725,0.648,from Formicidae (crown capture probability)
Tropidomyrmex,0.44638922694031546,0.3651456680463725,0,from Formicidae (singleton)
Turneria,0.44638922694031546,0.3651456680463725,0.0,from Formicidae (crown capture probability)
Typhlomyrmex,0.07505840192664105,0.07384801763915427,0.8,computed
Tyrannomyrmex,0.44638922694031546,0.3651456680463725,0.5555555555555556,from Formicidae (crown capture probability)
Unicumyrmex,0.44638922694031546,0.3651456680463725,0.0,from Formicidae (cherry)
Uwari,0.44638922694031546,0.3651456680463725,0.0,from Formicidae (cherry)
Veromessor,0.09516212356861846,0.0,1.0,computed
Vicinopone,0.44638922694031546,0.3651456680463725,0,from Formicidae (singleton)
Vitsika,0.10240197685103246,0.0066956456934709925,1.0,computed
Vollenhovia,0.44638922694031546,0.3651456680463725,0.3435897435897436,from Formicidae (crown capture probability)
Vombisidris,0.44638922694031546,0.3651456680463725,0.0,from Formicidae (crown capture probability)
Wadeura,0.061461942613326194,0.0,0.8333333333333334,computed
Wasmannia,0.44638922694031546,0.3651456680463725,0.0,from Formicidae (crown capture probability)
Xenomyrmex,0.44638922694031546,0.3651456680463725,0.5555555555555556,from Formicidae (crown capture probability)
Xerolitor,0.44638922694031546,0.3651456680463725,0,from Formicidae (singleton)
Xiphopelta,0.44638922694031546,0.3651456680463725,0.72,from Formicidae (crown capture probability)
Xymmer,0.44638922694031546,0.3651456680463725,0.0,from Formicidae (crown capture probability)
Yunodorylus,0.02165027497765422,0.0,0.8333333333333334,computed
Zasphinctus,0.44638922694031546,0.3651456680463725,0.6428571428571428,from Formicidae (crown capture probability)
Zatania,0.04817717242239581,0.0,0.84,computed
