Code,Taxon,Specimen,NewLabel
CS0159,Pheidole.desertorum,CASENT0339762,Pheidole_desertorum_CASENT0339762
CS0224,Pheidole.xerophila,CASENT0339764,Pheidole_xerophila_CASENT0339764
CS0301,Pheidole.dentata,CASENT0339768,Pheidole_dentata_CASENT0339768
CS0399,Pheidole.xanthogaster,CASENT0339769,Pheidole_xanthogaster_CASENT0339769
CS0402,Pheidole.tristicula,CASENT0339770,Pheidole_tristicula_CASENT0339770
CS0410,Pheidole.astur,CASENT0339771,Pheidole_astur_CASENT0339771
CS0506,Pheidole.vorax,CASENT0339773,Pheidole_vorax_CASENT0339773
CS0507,Pheidole.cramptoni,CASENT0339774,Pheidole_cramptoni_CASENT0339774
PH1,Pheidole.epem070,CASENT0282484,Pheidole_epem070_CASENT0282484
PH1001,Pheidole.jtl190,CASENT0636642,Pheidole_jtl190_CASENT0636642
PH1002,Pheidole.wardi,CASENT0636641,Pheidole_wardi_CASENT0636641
PH1003,Pheidole.roushae,CASENT0636640,Pheidole_roushae_CASENT0636640
PH1009,Pheidole.jtl177,CASENT0636634,Pheidole_jtl177_CASENT0636634
PH1012,Pheidole.jtl178,CASENT0636631,Pheidole_jtl178_CASENT0636631
PH1015,Pheidole.mackayi,CASENT0636628,Pheidole_mackayi_CASENT0636628
PH1016,Pheidole.pubiventris,CASENT0636627,Pheidole_pubiventris_CASENT0636627
PH1018,Pheidole.fossimandibula,CASENT0636625,Pheidole_fossimandibula_CASENT0636625
PH1020,Pheidole.jtl134,CASENT0636623,Pheidole_jtl134_CASENT0636623
PH104,Pheidole.epem034,CASENT0199500,Pheidole_epem034_CASENT0199500
PH1043,Pheidole.mooreorum,CASENT0636600,Pheidole_mooreorum_CASENT0636600
PH1044,Pheidole.nebulosa,CASENT0636599,Pheidole_nebulosa_CASENT0636599
PH1048,Pheidole.arachnion,CASENT0636595,Pheidole_arachnion_CASENT0636595
PH1049,Pheidole.rogeri,CASENT0636594,Pheidole_rogeri_CASENT0636594
PH1050,Pheidole.psilogaster,CASENT0636593,Pheidole_psilogaster_CASENT0636593
PH1051,Pheidole.otisi,CASENT0636592,Pheidole_otisi_CASENT0636592
PH1053,Pheidole.tanyscapa,CASENT0636590,Pheidole_tanyscapa_CASENT0636590
PH1054,Pheidole.kukrana,CASENT0636589,Pheidole_kukrana_CASENT0636589
PH1057,Pheidole.deceptrix,CASENT0636586,Pheidole_deceptrix_CASENT0636586
PH1058,Pheidole.jtl196,CASENT0636585,Pheidole_jtl196_CASENT0636585
PH1059,Pheidole.jtl202,CASENT0636584,Pheidole_jtl202_CASENT0636584
PH1061,Pheidole.jtl170,CASENT0636582,Pheidole_jtl170_CASENT0636582
PH1066,Pheidole.jtl198,CASENT0636577,Pheidole_jtl198_CASENT0636577
PH1067,Pheidole.citrina,CASENT0636576,Pheidole_citrina_CASENT0636576
PH107,Pheidole.epem033,CASENT0199468,Pheidole_epem033_CASENT0199468
PH1074,Pheidole.oaxacana,CASENT0636651,Pheidole_oaxacana_CASENT0636651
PH1076,Pheidole.jtl200,CASENT0636653,Pheidole_jtl200_CASENT0636653
PH1077,Pheidole.jtl201,CASENT0636654,Pheidole_jtl201_CASENT0636654
PH1078,Pheidole.mantilla,CASENT0636655,Pheidole_mantilla_CASENT0636655
PH1079,Pheidole.perpusilla,CASENT0635824,Pheidole_perpusilla_CASENT0635824
PH108,Pheidole.epem040,CASENT0199512,Pheidole_epem040_CASENT0199512
PH1081,Pheidole.hizemops,CASENT0635826,Pheidole_hizemops_CASENT0635826
PH1082,Pheidole.amabilis,CASENT0635827,Pheidole_amabilis_CASENT0635827
PH1083,Pheidole.hasticeps,CASENT0635828,Pheidole_hasticeps_CASENT0635828
PH1084,Pheidole.renae,CASENT0635829,Pheidole_renae_CASENT0635829
PH1085,Pheidole.carinote,CASENT0635830,Pheidole_carinote_CASENT0635830
PH1087,Pheidole.lustrata,CASENT0635832,Pheidole_lustrata_CASENT0635832
PH1088,Pheidole.carapuna,CASENT0635833,Pheidole_carapuna_CASENT0635833
PH1089,Pheidole.jtl189,CASENT0635834,Pheidole_jtl189_CASENT0635834
PH109,Pheidole.epem046,CASENT0199522,Pheidole_epem046_CASENT0199522
PH1091,Pheidole.angusticeps,CASENT0635836,Pheidole_angusticeps_CASENT0635836
PH1097,Pheidole.rhinomontana,CASENT0635842,Pheidole_rhinomontana_CASENT0635842
PH1098,Pheidole.harrisonfordi,CASENT0635843,Pheidole_harrisonfordi_CASENT0635843
PH110,Pheidole.distincta,CASENT0199467,Pheidole_distincta_CASENT0199467
PH1101,Pheidole.chocoensis,CASENT0635846,Pheidole_chocoensis_CASENT0635846
PH1102,Pheidole.jtl224,CASENT0635847,Pheidole_jtl224_CASENT0635847
PH1103,Pheidole.gulo,CASENT0635848,Pheidole_gulo_CASENT0635848
PH1104,Pheidole.jtl212,CASENT0635849,Pheidole_jtl212_CASENT0635849
PH1107,Pheidole.punctatissima,CASENT0635852,Pheidole_punctatissima_CASENT0635852
PH1109,Pheidole.spathipilosa,CASENT0635854,Pheidole_spathipilosa_CASENT0635854
PH1110,Pheidole.scrobifera,CASENT0635855,Pheidole_scrobifera_CASENT0635855
PH1111,Pheidole.synarmata,CASENT0635856,Pheidole_synarmata_CASENT0635856
PH1112,Pheidole.colobopsis,CASENT0635857,Pheidole_colobopsis_CASENT0635857
PH1113,Pheidole.walkeri,CASENT0635858,Pheidole_walkeri_CASENT0635858
PH1114,Pheidole.jtl211,CASENT0635859,Pheidole_jtl211_CASENT0635859
PH1116,Pheidole.jtl218,CASENT0635861,Pheidole_jtl218_CASENT0635861
PH1118,Pheidole.bicornis,CASENT0635863,Pheidole_bicornis_CASENT0635863
PH1119,Pheidole.specularis,CASENT0635864,Pheidole_specularis_CASENT0635864
PH1120,Pheidole.exarata,CASENT0635865,Pheidole_exarata_CASENT0635865
PH1121,Pheidole.acamata,CASENT0635866,Pheidole_acamata_CASENT0635866
PH1122,Pheidole.jtl223,CASENT0635867,Pheidole_jtl223_CASENT0635867
PH1123,Pheidole.ectatommoides,CASENT0635868,Pheidole_ectatommoides_CASENT0635868
PH1124,Pheidole.eowilsoni,CASENT0635869,Pheidole_eowilsoni_CASENT0635869
PH1132,Pheidole.antillana,CASENT0635877,Pheidole_antillana_CASENT0635877
PH1133,Pheidole.laudatana,CASENT0635878,Pheidole_laudatana_CASENT0635878
PH1135,Pheidole.jtl158,CASENT0635880,Pheidole_jtl158_CASENT0635880
PH1137,Pheidole.jtl226,CASENT0635882,Pheidole_jtl226_CASENT0635882
PH1138,Pheidole.tuxtlasana,CASENT0635883,Pheidole_tuxtlasana_CASENT0635883
PH1139,Pheidole.jtl214,CASENT0635884,Pheidole_jtl214_CASENT0635884
PH1140,Pheidole.ceibana,CASENT0635885,Pheidole_ceibana_CASENT0635885
PH1141,Pheidole.brandaoi,CASENT0635886,Pheidole_brandaoi_CASENT0635886
PH1142,Pheidole.beloceps,CASENT0635887,Pheidole_beloceps_CASENT0635887
PH1143,Pheidole.rectitrudis,CASENT0635888,Pheidole_rectitrudis_CASENT0635888
PH1144,Pheidole.glomericeps,CASENT0635889,Pheidole_glomericeps_CASENT0635889
PH1145,Pheidole.rugiceps,CASENT0635890,Pheidole_rugiceps_CASENT0635890
PH1146,Pheidole.karolmorae,CASENT0635891,Pheidole_karolmorae_CASENT0635891
PH1147,Pheidole.jtl225,CASENT0635892,Pheidole_jtl225_CASENT0635892
PH1148,Pheidole.jtl221,CASENT0635893,Pheidole_jtl221_CASENT0635893
PH115,Pheidole.epem051,CASENT0199497,Pheidole_epem051_CASENT0199497
PH1150,Pheidole.veteratrix,CASENT0738553,Pheidole_veteratrix_CASENT0738553
PH1152,Pheidole.nemoralis,CASENT0738743,Pheidole_nemoralis_CASENT0738743
PH1153,Pheidole.longispinosa,CASENT0738744,Pheidole_longispinosa_CASENT0738744
PH1158,Pheidole.oswaldi,CASENT0738749,Pheidole_oswaldi_CASENT0738749
PH1159,Pheidole.oculata,CASENT0738750,Pheidole_oculata_CASENT0738750
PH1160,Pheidole.mg029,CASENT0738751,Pheidole_mg029_CASENT0738751
PH1163,Pheidole.mg021,CASENT0738754,Pheidole_mg021_CASENT0738754
PH1164,Pheidole.mg117,CASENT0738755,Pheidole_mg117_CASENT0738755
PH1166,Pheidole.mg021,CASENT0738757,Pheidole_mg021_CASENT0738757
PH1168,Pheidole.gf013,CASENT0738759,Pheidole_gf013_CASENT0738759
PH1169,Pheidole.mg014,CASENT0738760,Pheidole_mg014_CASENT0738760
PH1170,Pheidole.mg024,CASENT0738761,Pheidole_mg024_CASENT0738761
PH1171,Pheidole.mg071,CASENT0738762,Pheidole_mg071_CASENT0738762
PH1177,Pheidole.mg015,CASENT0738768,Pheidole_mg015_CASENT0738768
PH1179,Pheidole.sikorae,CASENT0738770,Pheidole_sikorae_CASENT0738770
PH1180,Pheidole.mg083,CASENT0738771,Pheidole_mg083_CASENT0738771
PH1184,Pheidole.mg018,CASENT0738775,Pheidole_mg018_CASENT0738775
PH1185,Pheidole.mg132,CASENT0738776,Pheidole_mg132_CASENT0738776
PH1186,Pheidole.mg130,CASENT0738777,Pheidole_mg130_CASENT0738777
PH1187,Pheidole.longispinosa.scabrata,CASENT0738778,Pheidole_longispinosa_scabrata_CASENT0738778
PH1193,Pheidole.mg068,CASENT0738784,Pheidole_mg068_CASENT0738784
PH1196,Pheidole.annemariae,CASENT0738787,Pheidole_annemariae_CASENT0738787
PH1200,Pheidole.mg125,CASENT0738791,Pheidole_mg125_CASENT0738791
PH1204,Pheidole.lucida,CASENT0738795,Pheidole_lucida_CASENT0738795
PH1205,Pheidole.gf017,CASENT0738796,Pheidole_gf017_CASENT0738796
PH1206,Pheidole.gf015,CASENT0738797,Pheidole_gf015_CASENT0738797
PH1208,Pheidole.gf011,CASENT0738799,Pheidole_gf011_CASENT0738799
PH1210,Pheidole.mg064,CASENT0738801,Pheidole_mg064_CASENT0738801
PH1213,Pheidole.indica,CASENT0738804,Pheidole_indica_CASENT0738804
PH1217,Pheidole.mg043,CASENT0738808,Pheidole_mg043_CASENT0738808
PH1218,Pheidole.mg066,CASENT0738809,Pheidole_mg066_CASENT0738809
PH1223,Pheidole.braueri,CASENT0738814,Pheidole_braueri_CASENT0738814
PH1225,Pheidole.komori,CASENT0738816,Pheidole_komori_CASENT0738816
PH1227,Pheidole.megatron,CASENT0738818,Pheidole_megatron_CASENT0738818
PH1228,Pheidole.mg054,CASENT0738819,Pheidole_mg054_CASENT0738819
PH1229,Pheidole.mg056,CASENT0738820,Pheidole_mg056_CASENT0738820
PH1230,Pheidole.gf062,CASENT0738821,Pheidole_gf062_CASENT0738821
PH1231,Pheidole.gf073,CASENT0738822,Pheidole_gf073_CASENT0738822
PH1240,Pheidole.gf078,CASENT0738831,Pheidole_gf078_CASENT0738831
PH1242,Pheidole.gf063,CASENT0738833,Pheidole_gf063_CASENT0738833
PH1246,Pheidole.athertonensis.cedarensis,CASENT0738837,Pheidole_athertonensis_cedarensis_CASENT0738837
PH1248,Pheidole.aglae,CASENT0738839,Pheidole_aglae_CASENT0738839
PH125,Pheidole.epem097,CASENT0283821,Pheidole_epem097_CASENT0283821
PH1250,Pheidole.gf038,CASENT0738841,Pheidole_gf038_CASENT0738841
PH1251,Pheidole.gf071,CASENT0738842,Pheidole_gf071_CASENT0738842
PH1252,Pheidole.gf064,CASENT0738843,Pheidole_gf064_CASENT0738843
PH1253,Pheidole.gf065,CASENT0738844,Pheidole_gf065_CASENT0738844
PH1258,Pheidole.nemoralis,CASENT0283759,Pheidole_nemoralis_CASENT0283759
PH126,Pheidole.emsm170,CASENT0283815,Pheidole_emsm170_CASENT0283815
PH1261,Pheidole.medioflava,CASENT0283575,Pheidole_medioflava_CASENT0283575
PH1262,Pheidole.emsm162,CASENT0283595,Pheidole_emsm162_CASENT0283595
PH127,Pheidole.laminata,CASENT0283823,Pheidole_laminata_CASENT0283823
PH128,Pheidole.epem083,CASENT0283824,Pheidole_epem083_CASENT0283824
PH129,Pheidole.epem140,CASENT0199513,Pheidole_epem140_CASENT0199513
PH13,Pheidole.epem020,CASENT0283784,Pheidole_epem020_CASENT0283784
PH1326,Pheidole.nodifera,CASENT0738913,Pheidole_nodifera_CASENT0738913
PH133,Pheidole.epem026,CASENT0199492,Pheidole_epem026_CASENT0199492
PH1337,Pheidole.gf027,CASENT0738924,Pheidole_gf027_CASENT0738924
PH135,Pheidole.hercules,CASENT0283830,Pheidole_hercules_CASENT0283830
PH1359,Pheidole.CAM01,CASENT0738946,Pheidole_CAM01_CASENT0738946
PH136,Pheidole.epem116,CASENT0199394,Pheidole_epem116_CASENT0199394
PH138,Pheidole.epem079,CASENT0199455,Pheidole_epem079_CASENT0199455
PH139,Pheidole.epem067,CASENT0199481,Pheidole_epem067_CASENT0199481
PH141,Pheidole.amber,CASENT0199489,Pheidole_amber_CASENT0199489
PH142,Pheidole.gambogia,CASENT0199451,Pheidole_gambogia_CASENT0199451
PH143,Pheidole.epem049,CASENT0199446,Pheidole_epem049_CASENT0199446
PH148,Pheidole.epem060,CASENT0199477,Pheidole_epem060_CASENT0199477
PH150,Pheidole.epem058,CASENT0199530,Pheidole_epem058_CASENT0199530
PH153,Pheidole.epem170,CASENT0283797,Pheidole_epem170_CASENT0283797
PH160,Pheidole.epem166,CASENT0283791,Pheidole_epem166_CASENT0283791
PH162,Pheidole.epem165,CASENT0283796,Pheidole_epem165_CASENT0283796
PH163,Pheidole.xanthocnemis,CASENT0283725,Pheidole_xanthocnemis_CASENT0283725
PH168,Pheidole.epem172,CASENT0283799,Pheidole_epem172_CASENT0283799
PH171,Pheidole.epem169,CASENT0283728,Pheidole_epem169_CASENT0283728
PH173,Pheidole.epem179,CASENT0282451,Pheidole_epem179_CASENT0282451
PH174,Pheidole.rugithorax,CASENT0283827,Pheidole_rugithorax_CASENT0283827
PH184,Pheidole.epem201,CASENT0339815,Pheidole_epem201_CASENT0339815
PH186,Pheidole.tjibodana,CASENT0283800,Pheidole_tjibodana_CASENT0283800
PH188,Pheidole.soritis,CASENT0283804,Pheidole_soritis_CASENT0283804
PH189,Pheidole.epem167,CASENT0283079,Pheidole_epem167_CASENT0283079
PH2,Pheidole.epem127,CASENT0339820,Pheidole_epem127_CASENT0339820
PH205,Pheidole.epem100,CASENT0283047,Pheidole_epem100_CASENT0283047
PH206,Pheidole.mendanai,CASENT0283049,Pheidole_mendanai_CASENT0283049
PH207,Pheidole.nindi,CASENT0283055,Pheidole_nindi_CASENT0283055
PH21,Pheidole.epem005,CASENT0199354,Pheidole_epem005_CASENT0199354
PH210,Pheidole.isis.taki,CASENT0339812,Pheidole_isis_taki_CASENT0339812
PH220,Pheidole.epem057,CASENT0339791,Pheidole_epem057_CASENT0339791
PH221,Pheidole.epem123,CASENT0339793,Pheidole_epem123_CASENT0339793
PH222,Pheidole.epem111,CASENT0339795,Pheidole_epem111_CASENT0339795
PH225,Pheidole.epem163,CASENT0339801,Pheidole_epem163_CASENT0339801
PH227,Pheidole.epem118,CASENT0339805,Pheidole_epem118_CASENT0339805
PH228,Pheidole.emsm101,CASENT0339807,Pheidole_emsm101_CASENT0339807
PH229,Pheidole.epem129,CASENT0339788,Pheidole_epem129_CASENT0339788
PH23,Pheidole.sexspinosa,CASENT0199371,Pheidole_sexspinosa_CASENT0199371
PH234,Pheidole.epem112,CASENT0339798,Pheidole_epem112_CASENT0339798
PH238,Pheidole.megacephala,CASENT0283042,Pheidole_megacephala_CASENT0283042
PH24,Pheidole.parva,CASENT0199389,Pheidole_parva_CASENT0199389
PH244,Pheidole.oceanica,CASENT0283054,Pheidole_oceanica_CASENT0283054
PH246,Pheidole.cryptocera,CASENT0283058,Pheidole_cryptocera_CASENT0283058
PH251,Pheidole.umbonata,CASENT0283086,Pheidole_umbonata_CASENT0283086
PH266,Pheidole.epem068,CASENT0283616,Pheidole_epem068_CASENT0283616
PH271,Pheidole.epem119,CASENT0283099,Pheidole_epem119_CASENT0283099
PH280,Pheidole.cervicornis,CASENT0283187,Pheidole_cervicornis_CASENT0283187
PH283,Pheidole.tricolor,CASENT0283059,Pheidole_tricolor_CASENT0283059
PH290,Pheidole.viserion,CASENT0283093,Pheidole_viserion_CASENT0283093
PH291,Pheidole.epem124,CASENT0283837,Pheidole_epem124_CASENT0283837
PH299,Pheidole.epem142,CASENT0283179,Pheidole_epem142_CASENT0283179
PH31,Pheidole.epem010,CASENT0283701,Pheidole_epem010_CASENT0283701
PH35,Pheidole.emsm107,CASENT0282492,Pheidole_emsm107_CASENT0282492
PH4,Pheidole.epem115,CASENT0282485,Pheidole_epem115_CASENT0282485
PH40,Pheidole.epem027,CASENT0199310,Pheidole_epem027_CASENT0199310
PH402,Pheidole.au02,CASENT0282621,Pheidole_au02_CASENT0282621
PH403,Pheidole.epem093,CASENT0283189,Pheidole_epem093_CASENT0283189
PH404,Pheidole.au04,CASENT0283190,Pheidole_au04_CASENT0283190
PH408,Pheidole.bula,CASENT0339811,Pheidole_bula_CASENT0339811
PH409,Pheidole.colaensis,CASENT0339806,Pheidole_colaensis_CASENT0339806
PH414,Pheidole.kava,CASENT0283041,Pheidole_kava_CASENT0283041
PH419,Pheidole.ululevu,CASENT0283177,Pheidole_ululevu_CASENT0283177
PH42,Pheidole.epem022,CASENT0199325,Pheidole_epem022_CASENT0199325
PH421,Pheidole.furcata,CASENT0283146,Pheidole_furcata_CASENT0283146
PH422,Pheidole.hyatti,CASENT0283215,Pheidole_hyatti_CASENT0283215
PH424,Pheidole.knowlesi,CASENT0283124,Pheidole_knowlesi_CASENT0283124
PH429,Pheidole.nc02,CASENT0283182,Pheidole_nc02_CASENT0283182
PH432,Pheidole.onifera,CASENT0283163,Pheidole_onifera_CASENT0283163
PH433,Pheidole.pegasus,CASENT0283142,Pheidole_pegasus_CASENT0283142
PH434,Pheidole.pg01,CASENT0283165,Pheidole_pg01_CASENT0283165
PH435,Pheidole.pg02,CASENT0283167,Pheidole_pg02_CASENT0283167
PH436,Pheidole.pg03,CASENT0283168,Pheidole_pg03_CASENT0283168
PH44,Pheidole.sexspinosa.biroi,CASENT0199306,Pheidole_sexspinosa_biroi_CASENT0199306
PH444,Pheidole.roosevelti,CASENT0283120,Pheidole_roosevelti_CASENT0283120
PH452,Pheidole.simplispinosa,CASENT0283131,Pheidole_simplispinosa_CASENT0283131
PH458,Pheidole.uncagena,CASENT0283143,Pheidole_uncagena_CASENT0283143
PH459,Pheidole.vatu,CASENT0283101,Pheidole_vatu_CASENT0283101
PH46,Pheidole.epem024,CASENT0199540,Pheidole_epem024_CASENT0199540
PH466,Pheidole.wilsoni,CASENT0283162,Pheidole_wilsoni_CASENT0283162
PH467,Pheidole.comata,CASENT0283209,Pheidole_comata_CASENT0283209
PH468,Pheidole.dugasi,CASENT0283203,Pheidole_dugasi_CASENT0283203
PH469,Pheidole.gatesi,CASENT0283204,Pheidole_gatesi_CASENT0283204
PH47,Pheidole.fuscula,CASENT0199529,Pheidole_fuscula_CASENT0199529
PH470,Pheidole.nodus,CASENT0283210,Pheidole_nodus_CASENT0283210
PH471,Pheidole.pallidula,CASENT0283201,Pheidole_pallidula_CASENT0283201
PH472,Pheidole.plagiaria,CASENT0283212,Pheidole_plagiaria_CASENT0283212
PH473,Pheidole.quadrensis,CASENT0283205,Pheidole_quadrensis_CASENT0283205
PH474,Pheidole.quadricuspis,CASENT0283211,Pheidole_quadricuspis_CASENT0283211
PH475,Pheidole.epem121,CASENT0283206,Pheidole_epem121_CASENT0283206
PH476,Pheidole.jacobsoni,CASENT0283213,Pheidole_jacobsoni_CASENT0283213
PH477,Pheidole.emsm171,CASENT0283200,Pheidole_emsm171_CASENT0283200
PH479,Pheidole.grallatrix,CASENT0048223,Pheidole_grallatrix_CASENT0048223
PH480,Pheidole.lucioccipitalis,CASENT0283208,Pheidole_lucioccipitalis_CASENT0283208
PH49,Pheidole.epem085,CASENT0199482,Pheidole_epem085_CASENT0199482
PH507,Pheidole.pugnax,CASENT0283558,Pheidole_pugnax_CASENT0283558
PH508,Pheidole.epem192,CASENT0283557,Pheidole_epem192_CASENT0283557
PH509,Pheidole.epem193,CASENT0283198,Pheidole_epem193_CASENT0283198
PH510,Pheidole.epem195,CASENT0283117,Pheidole_epem195_CASENT0283117
PH511,Pheidole.epem187,CASENT0283118,Pheidole_epem187_CASENT0283118
PH512,Pheidole.epem185,CASENT0283114,Pheidole_epem185_CASENT0283114
PH518,Pheidole.texticeps,CASENT0283526,Pheidole_texticeps_CASENT0283526
PH519,Pheidole.purpurea,CASENT0283153,Pheidole_purpurea_CASENT0283153
PH520,Pheidole.protensa,CASENT0282721,Pheidole_protensa_CASENT0282721
PH524,Pheidole.epem188,CASENT0283481,Pheidole_epem188_CASENT0283481
PH527,Pheidole.simonsi,CASENT0283070,Pheidole_simonsi_CASENT0283070
PH53,Pheidole.fervens,CASENT0282493,Pheidole_fervens_CASENT0282493
PH531,Pheidole.epem151,CASENT0714694,Pheidole_epem151_CASENT0714694
PH532,Pheidole.epem153,CASENT0714693,Pheidole_epem153_CASENT0714693
PH535,Pheidole.epem156,CASENT0283772,Pheidole_epem156_CASENT0283772
PH536,Pheidole.epem154,CASENT0283774,Pheidole_epem154_CASENT0283774
PH539,Pheidole.epem164,CASENT0283767,Pheidole_epem164_CASENT0283767
PH54,Pheidole.epem103,CASENT0199636,Pheidole_epem103_CASENT0199636
PH544,Pheidole.epem155,CASENT0283870,Pheidole_epem155_CASENT0283870
PH554,Pheidole.epem157,CASENT0283843,Pheidole_epem157_CASENT0283843
PH556,Pheidole.epem150,CASENT0283918,Pheidole_epem150_CASENT0283918
PH561,Pheidole.epem152,CASENT0283902,Pheidole_epem152_CASENT0283902
PH564,Pheidole.epem158,CASENT0283913,Pheidole_epem158_CASENT0283913
PH569,Pheidole.multispina,CASENT0283529,Pheidole_multispina_CASENT0283529
PH57,Pheidole.epem023,CASENT0199495,Pheidole_epem023_CASENT0199495
PH571,Pheidole.dea,CASENT0283446,Pheidole_dea_CASENT0283446
PH572,Pheidole.tz03,CASENT0282712,Pheidole_tz03_CASENT0282712
PH573,Pheidole.liengmei,CASENT0283068,Pheidole_liengmei_CASENT0283068
PH575,Pheidole.punctulata,CASENT0283066,Pheidole_punctulata_CASENT0283066
PH576,Pheidole.ug01,CASENT0283158,Pheidole_ug01_CASENT0283158
PH578,Pheidole.ke01,CASENT0283278,Pheidole_ke01_CASENT0283278
PH579,Pheidole.concinna,CASENT0283318,Pheidole_concinna_CASENT0283318
PH581,Pheidole.ke08,CASENT0283275,Pheidole_ke08_CASENT0283275
PH582,Pheidole.tz02,CASENT0282918,Pheidole_tz02_CASENT0282918
PH583,Pheidole.kohli,CASENT0283064,Pheidole_kohli_CASENT0283064
PH584,Pheidole.nigeriensis,CASENT0283555,Pheidole_nigeriensis_CASENT0283555
PH589,Pheidole.ceres,CASENT0283149,Pheidole_ceres_CASENT0283149
PH59,Pheidole.sericella,CASENT0282497,Pheidole_sericella_CASENT0282497
PH591,Pheidole.bicarinata,CASENT0283402,Pheidole_bicarinata_CASENT0283402
PH592,Pheidole.perpilosa,CASENT0283508,Pheidole_perpilosa_CASENT0283508
PH593,Pheidole.militicida,CASENT0283148,Pheidole_militicida_CASENT0283148
PH595,Pheidole.vallicola,CASENT0283063,Pheidole_vallicola_CASENT0283063
PH597,Pheidole.epem191,CASENT0283062,Pheidole_epem191_CASENT0283062
PH599,Pheidole.fimbriata,CASENT0283061,Pheidole_fimbriata_CASENT0283061
PH60,Pheidole.epem113,CASENT0219468,Pheidole_epem113_CASENT0219468
PH601,Pheidole.fissiceps,CASENT0283448,Pheidole_fissiceps_CASENT0283448
PH602,Pheidole.amazonica,CASENT0283449,Pheidole_amazonica_CASENT0283449
PH603,Pheidole.allarmata,CASENT0283450,Pheidole_allarmata_CASENT0283450
PH604,Cephalotes.setulifer,CASENT0283451,Cephalotes_setulifer_CASENT0283451
PH605,Pheidole.rhea,CASENT0283452,Pheidole_rhea_CASENT0283452
PH607,Pheidole.tysoni,CASENT0283454,Pheidole_tysoni_CASENT0283454
PH608,Pheidole.vulgaris,CASENT0283455,Pheidole_vulgaris_CASENT0283455
PH610,Pheidole.epem174,CASENT0283868,Pheidole_epem174_CASENT0283868
PH612,Pheidole.epem061,CASENT0283461,Pheidole_epem061_CASENT0283461
PH614,Pheidole.epem130,CASENT0283464,Pheidole_epem130_CASENT0283464
PH615,Pheidole.epem132,CASENT0283465,Pheidole_epem132_CASENT0283465
PH617,Pheidole.epem198,CASENT0283516,Pheidole_epem198_CASENT0283516
PH619,Pheidole.gf086,CASENT0283317,Pheidole_gf086_CASENT0283317
PH62,Pheidole.epem128,CASENT0262500,Pheidole_epem128_CASENT0262500
PH620,Pheidole.epem197,CASENT0283517,Pheidole_epem197_CASENT0283517
PH622,Pheidole.emsm106,CASENT0283509,Pheidole_emsm106_CASENT0283509
PH623,Pheidole.epem199,CASENT0283358,Pheidole_epem199_CASENT0283358
PH624,Pheidole.gf058,CASENT0716882,Pheidole_gf058_CASENT0716882
PH625,Pheidole.gf061,CASENT0716873,Pheidole_gf061_CASENT0716873
PH636,Pheidole.gf052,CASENT0716856,Pheidole_gf052_CASENT0716856
PH638,Pheidole.gf053,CASENT0717555,Pheidole_gf053_CASENT0717555
PH64,Pheidole.sauberi,CASENT0282502,Pheidole_sauberi_CASENT0282502
PH65,Pheidole.epem050,CASENT0282503,Pheidole_epem050_CASENT0282503
PH662,Pheidole.gf076,CASENT0716867,Pheidole_gf076_CASENT0716867
PH667,Pheidole.sexdentata,CASENT0716140,Pheidole_sexdentata_CASENT0716140
PH67,Pheidole.epem031,CASENT0282504,Pheidole_epem031_CASENT0282504
PH68,Pheidole.epem038,CASENT0199528,Pheidole_epem038_CASENT0199528
PH680,Pheidole.gf051,CASENT0716869,Pheidole_gf051_CASENT0716869
PH687,Pheidole.gf060,CASENT0716889,Pheidole_gf060_CASENT0716889
PH69,Pheidole.hospes,CASENT0199539,Pheidole_hospes_CASENT0199539
PH7,Pheidole.epem019,CASENT0283778,Pheidole_epem019_CASENT0283778
PH70,Pheidole.epem055,CASENT0199533,Pheidole_epem055_CASENT0199533
PH710,Pheidole.gf032,CASENT0717252,Pheidole_gf032_CASENT0717252
PH711,Pheidole.aristotelis,CASENT0717253,Pheidole_aristotelis_CASENT0717253
PH712,Pheidole.gf075,CASENT0717254,Pheidole_gf075_CASENT0717254
PH713,Pheidole.navigans,CASENT0717255,Pheidole_navigans_CASENT0717255
PH714,Pheidole.gf040,CASENT0717256,Pheidole_gf040_CASENT0717256
PH715,Pheidole.gf031,CASENT0717257,Pheidole_gf031_CASENT0717257
PH716,Pheidole.gf020,CASENT0717258,Pheidole_gf020_CASENT0717258
PH721,Pheidole.minuscula,CASENT0717263,Pheidole_minuscula_CASENT0717263
PH725,Pheidole.gf036,CASENT0717267,Pheidole_gf036_CASENT0717267
PH726,Pheidole.cariniceps,CASENT0717268,Pheidole_cariniceps_CASENT0717268
PH732,Pheidole.gf034,CASENT0717274,Pheidole_gf034_CASENT0717274
PH733,Pheidole.gf077,CASENT0717275,Pheidole_gf077_CASENT0717275
PH734,Pheidole.gf024,CASENT0717276,Pheidole_gf024_CASENT0717276
PH740,Pheidole.gouldi,CASENT0717282,Pheidole_gouldi_CASENT0717282
PH742,Pheidole.gf042,CASENT0717284,Pheidole_gf042_CASENT0717284
PH746,Pheidole.spinicornis,CASENT0717288,Pheidole_spinicornis_CASENT0717288
PH748,Pheidole.jordanica,CASENT0717290,Pheidole_jordanica_CASENT0717290
PH749,Pheidole.hirsuta,CASENT0717291,Pheidole_hirsuta_CASENT0717291
PH77,Pheidole.epem032,CASENT0199326,Pheidole_epem032_CASENT0199326
PH776,Pheidole.SA02,CASENT0717319,Pheidole_SA02_CASENT0717319
PH783,Pheidole.sarawakana,CASENT0717326,Pheidole_sarawakana_CASENT0717326
PH785,Pheidole.sinaitica,CASENT0717328,Pheidole_sinaitica_CASENT0717328
PH803,Pheidole.gf070,CASENT0717788,Pheidole_gf070_CASENT0717788
PH808,Pheidole.gf055,CASENT0717783,Pheidole_gf055_CASENT0717783
PH815,Pheidole.gf069,CASENT0717776,Pheidole_gf069_CASENT0717776
PH817,Pheidole.gf059,CASENT0717774,Pheidole_gf059_CASENT0717774
PH82,Pheidole.epem173,CASENT0282508,Pheidole_epem173_CASENT0282508
PH833,Pheidole.gf033,CASENT0717758,Pheidole_gf033_CASENT0717758
PH836,Pheidole.tandjongensis,CASENT0717755,Pheidole_tandjongensis_CASENT0717755
PH843,Pheidole.gf026,CASENT0717748,Pheidole_gf026_CASENT0717748
PH846,Pheidole.binghamii,CASENT0717745,Pheidole_binghamii_CASENT0717745
PH847,Pheidole.havilandi,CASENT0717744,Pheidole_havilandi_CASENT0717744
PH848,Pheidole.gf044,CASENT0717743,Pheidole_gf044_CASENT0717743
PH851,Pheidole.gf023,CASENT0717344,Pheidole_gf023_CASENT0717344
PH863,Pheidole.gf035,CASENT0717332,Pheidole_gf035_CASENT0717332
PH874,Pheidole.gf085,CASENT0717862,Pheidole_gf085_CASENT0717862
PH879,Pheidole.gf039,CASENT0717867,Pheidole_gf039_CASENT0717867
PH88,Pheidole.sabahna,CASENT0282514,Pheidole_sabahna_CASENT0282514
PH89,Pheidole.bluntschlii,CASENT0282515,Pheidole_bluntschlii_CASENT0282515
PH891,Pheidole.ryukyuensis,CASENT0717879,Pheidole_ryukyuensis_CASENT0717879
PH894,Pheidole.conficta,CASENT0717882,Pheidole_conficta_CASENT0717882
PH899,Pheidole.gf029,CASENT0717887,Pheidole_gf029_CASENT0717887
PH905,Pheidole.fervida,CASENT0717893,Pheidole_fervida_CASENT0717893
PH913,Pheidole.gf068,CASENT0717901,Pheidole_gf068_CASENT0717901
PH916,Pheidole.gf045,CASENT0717904,Pheidole_gf045_CASENT0717904
PH92,Pheidole.montana,CASENT0282518,Pheidole_montana_CASENT0282518
PH939,Pheidole.flavens,CASENT0717927,Pheidole_flavens_CASENT0717927
PH95,Pheidole.singaporensis,CASENT0283807,Pheidole_singaporensis_CASENT0283807
PH951,Pheidole.gf046,CASENT0717939,Pheidole_gf046_CASENT0717939
PH952,Pheidole.zoceana,CASENT0717940,Pheidole_zoceana_CASENT0717940
PH956,Pheidole.gf030,CASENT0717944,Pheidole_gf030_CASENT0717944
PH957,Pheidole.CLM014004,CASENT0717945,Pheidole_CLM014004_CASENT0717945
PH96,Pheidole.elisae,CASENT0283808,Pheidole_elisae_CASENT0283808
PH960,Pheidole.sagei,CASENT0717948,Pheidole_sagei_CASENT0717948
PH962,Pheidole.smythiesii,CASENT0717950,Pheidole_smythiesii_CASENT0717950
PH964,Pheidole.CLM014007,CASENT0717952,Pheidole_CLM014007_CASENT0717952
PH97,Pheidole.angulicollis,CASENT0283809,Pheidole_angulicollis_CASENT0283809
PH970,Pheidole.tumida,CASENT0717958,Pheidole_tumida_CASENT0717958
PH971,Pheidole.planifrons,CASENT0717959,Pheidole_planifrons_CASENT0717959
PH974,Pheidole.gf037,CASENT0717962,Pheidole_gf037_CASENT0717962
PH977,Pheidole.hongkongensis,CASENT0717965,Pheidole_hongkongensis_CASENT0717965
PH982,Pheidole.vieti,CASENT0717970,Pheidole_vieti_CASENT0717970
PH983,Pheidole.roberti,CASENT0717971,Pheidole_roberti_CASENT0717971
PH993,Pheidole.jtl199,CASENT0636650,Pheidole_jtl199_CASENT0636650
PH995,Pheidole.jtl197,CASENT0636648,Pheidole_jtl197_CASENT0636648
PH997,Pheidole.jtl195,CASENT0636646,Pheidole_jtl195_CASENT0636646
PH998,Pheidole.branstetteri,CASENT0636645,Pheidole_branstetteri_CASENT0636645
PH999,Pheidole.jtl203,CASENT0636644,Pheidole_jtl203_CASENT0636644
RA0116,Pheidole.sospes,CASENT0339824,Pheidole_sospes_CASENT0339824
RA0142,Pheidole.obscurithorax,CASENT0283225,Pheidole_obscurithorax_CASENT0283225
RA0146,Pheidole.californica,CASENT0283226,Pheidole_californica_CASENT0283226
RA0150,Pheidole.minutula,CASENT0283227,Pheidole_minutula_CASENT0283227
RA0153,Pheidole.boruca,CASENT0283228,Pheidole_boruca_CASENT0283228
RA0155,Pheidole.absurda,CASENT0283230,Pheidole_absurda_CASENT0283230
RA0156,Pheidole.dossena,CASENT0283231,Pheidole_dossena_CASENT0283231
RA0163,Pheidole.erratilis,CASENT0283245,Pheidole_erratilis_CASENT0283245
RA0164,Pheidole.diana,CASENT0283246,Pheidole_diana_CASENT0283246
RA0165,Pheidole.browni,CASENT0283247,Pheidole_browni_CASENT0283247
RA0166,Pheidole.sicaria,CASENT0283248,Pheidole_sicaria_CASENT0283248
RA0169,Pheidole.rugulosa,CASENT0283251,Pheidole_rugulosa_CASENT0283251
RA0170,Pheidole.sebofila,CASENT0283252,Pheidole_sebofila_CASENT0283252
RA0171,Pheidole.biconstricta,CASENT0283253,Pheidole_biconstricta_CASENT0283253
RA0172,Pheidole.sensitiva,CASENT0283254,Pheidole_sensitiva_CASENT0283254
RA0173,Pheidole.violacea,CASENT0283255,Pheidole_violacea_CASENT0283255
RA0174,Pheidole.cocciphaga,CASENT0283256,Pheidole_cocciphaga_CASENT0283256
RA0175,Pheidole.innupta,CASENT0283257,Pheidole_innupta_CASENT0283257
RA0176,Pheidole.boltoni,CASENT0283258,Pheidole_boltoni_CASENT0283258
RA0177,Pheidole.picobarva,CASENT0283259,Pheidole_picobarva_CASENT0283259
RA0179,Pheidole.nitella,CASENT0283261,Pheidole_nitella_CASENT0283261
RA0181,Pheidole.rhinoceros,CASENT0283263,Pheidole_rhinoceros_CASENT0283263
RA0182,Pheidole.fiorii,CASENT0283264,Pheidole_fiorii_CASENT0283264
RA0183,Pheidole.nitidicollis,CASENT0283265,Pheidole_nitidicollis_CASENT0283265
RA0184,Pheidole.prostrata,CASENT0283267,Pheidole_prostrata_CASENT0283267
RA0203,Pheidole.pilifera,CASENT0283270,Pheidole_pilifera_CASENT0283270
RA0204,Pheidole.sciophila,CASENT0283271,Pheidole_sciophila_CASENT0283271
RA0208,Pheidole.vistana,CASENT0283272,Pheidole_vistana_CASENT0283272
RA0244,Pheidole.jelskii,CASENT0283274,Pheidole_jelskii_CASENT0283274
RA0316,Pheidole.mg107,CASENT0077599,Pheidole_mg107_CASENT0077599
RA0317,Pheidole.megacephala.spinosa,CASENT0498508,Pheidole_megacephala_spinosa_CASENT0498508
RA0331,Pheidole.floridana,CASENT0283280,Pheidole_floridana_CASENT0283280
RA0332,Pheidole.adrianoi,CASENT0283281,Pheidole_adrianoi_CASENT0283281
RA0337,Pheidole.sitiens,CASENT0283284,Pheidole_sitiens_CASENT0283284
RA0379,Pheidole.spadonia,CASENT0283288,Pheidole_spadonia_CASENT0283288
RA0380,Pheidole.cerebrosior,CASENT0283289,Pheidole_cerebrosior_CASENT0283289
RA0451,Pheidole.tepicana,CASENT0283292,Pheidole_tepicana_CASENT0283292
RA0456,Pheidole.clydei,CASENT0283293,Pheidole_clydei_CASENT0283293
RA0460,Pheidole.cavigenis,CASENT0283294,Pheidole_cavigenis_CASENT0283294
RA0461,Pheidole.cockerelli,CASENT0283295,Pheidole_cockerelli_CASENT0283295
RA0462,Pheidole.senex,CASENT0283296,Pheidole_senex_CASENT0283296
RA0467,Pheidole.micula,CASENT0283299,Pheidole_micula_CASENT0283299
RA0471,Pheidole.diversipilosa,CASENT0283301,Pheidole_diversipilosa_CASENT0283301
RA0496,Pheidole.morrisii,CASENT0283306,Pheidole_morrisii_CASENT0283306
RA0497,Pheidole.davisi,CASENT0339720,Pheidole_davisi_CASENT0339720
RA0520,Pheidole.emsm105,CASENT0339723,Pheidole_emsm105_CASENT0339723
RA0524,Pheidole.metallescens,CASENT0339724,Pheidole_metallescens_CASENT0339724
RA0525,Pheidole.pelor,CASENT0339725,Pheidole_pelor_CASENT0339725
RA0526,Pheidole.titanis,CASENT0339726,Pheidole_titanis_CASENT0339726
RA0527,Pheidole.juniperae,CASENT0339727,Pheidole_juniperae_CASENT0339727
RA0528,Pheidole.hoplitica,CASENT0339728,Pheidole_hoplitica_CASENT0339728
RA0557,Pheidole.emsm174,CASENT0339732,Pheidole_emsm174_CASENT0339732
RA0558,Pheidole.emsm175,CASENT0339733,Pheidole_emsm175_CASENT0339733
RA0559,Pheidole.emsm177,CASENT0339734,Pheidole_emsm177_CASENT0339734
RA0563,Pheidole.speculifera,CASENT0339736,Pheidole_speculifera_CASENT0339736
RA0569,Pheidole.harlequina,CASENT0339740,Pheidole_harlequina_CASENT0339740
RA0570,Pheidole.constipata,CASENT0339741,Pheidole_constipata_CASENT0339741
RA0573,Pheidole.psammophila,CASENT0339744,Pheidole_psammophila_CASENT0339744
RA0576,Pheidole.clementensis,CASENT0339747,Pheidole_clementensis_CASENT0339747
RA0577,Pheidole.portalensis,CASENT0339748,Pheidole_portalensis_CASENT0339748
RA0578,Pheidole.macrops,CASENT0339749,Pheidole_macrops_CASENT0339749
RA0579,Pheidole.yaqui,CASENT0339750,Pheidole_yaqui_CASENT0339750
RA0580,Pheidole.sciara,CASENT0339751,Pheidole_sciara_CASENT0339751
RA0606,Pheidole.inquilina,CASENT0339753,Pheidole_inquilina_CASENT0339753
RA0641,Pheidole.obtusospinosa,CASENT0339757,Pheidole_obtusospinosa_CASENT0339757
RA0709,Pheidole.carrolli,CASENT0339759,Pheidole_carrolli_CASENT0339759
RA0710,Pheidole.littoralis,CASENT0339760,Pheidole_littoralis_CASENT0339760
