original_genus	temp_genus	old_label	new_label	cluster	protected
Acromyrmex	TACTTMPAcromyrmex01	Acromyrmex_octospinosus	TACTTMPAcromyrmex01_octospinosus	1	FALSE
Acromyrmex	TACTTMPAcromyrmex02	Acromyrmex_insinuator	TACTTMPAcromyrmex02_insinuator	2	FALSE
Acromyrmex	TACTTMPAcromyrmex03	Acromyrmex_lundii	TACTTMPAcromyrmex03_lundii	3	FALSE
Acromyrmex	TACTTMPAcromyrmex04	Acromyrmex_heyeri	TACTTMPAcromyrmex04_heyeri	4	FALSE
Acromyrmex	TACTTMPAcromyrmex05	Acromyrmex_ambiguus	TACTTMPAcromyrmex05_ambiguus	5	FALSE
Acromyrmex	TACTTMPAcromyrmex06	Acromyrmex_crassispinus	TACTTMPAcromyrmex06_crassispinus	6	FALSE
Acromyrmex	TACTTMPAcromyrmex07	Acromyrmex_coronatus	TACTTMPAcromyrmex07_coronatus	7	FALSE
Acromyrmex	TACTTMPAcromyrmex08	Acromyrmex_aspersus	TACTTMPAcromyrmex08_aspersus	8	FALSE
Acromyrmex	TACTTMPAcromyrmex09	Acromyrmex_landolti	TACTTMPAcromyrmex09_landolti	9	FALSE
Acromyrmex	TACTTMPAcromyrmex10	Acromyrmex_balzani	TACTTMPAcromyrmex10_balzani	10	FALSE
Acromyrmex	TACTTMPAcromyrmex11	Acromyrmex_versicolor	TACTTMPAcromyrmex11_versicolor	11	FALSE
Aphaenogaster	TACTTMPAphaenogaster01	Aphaenogaster_quadrispina	TACTTMPAphaenogaster01_quadrispina	1	FALSE
Aphaenogaster	TACTTMPAphaenogaster02	Aphaenogaster_loriai	TACTTMPAphaenogaster02_loriai	2	FALSE
Aphaenogaster	TACTTMPAphaenogaster03	Aphaenogaster_gonacantha	TACTTMPAphaenogaster03_gonacantha	3	FALSE
Aphaenogaster	TACTTMPAphaenogaster04	Aphaenogaster_longiceps	TACTTMPAphaenogaster04_longiceps	4	FALSE
Aphaenogaster	TACTTMPAphaenogaster05	Aphaenogaster_swammerdami	TACTTMPAphaenogaster05_swammerdami	5	FALSE
Aphaenogaster	TACTTMPAphaenogaster06	Aphaenogaster_pythia	TACTTMPAphaenogaster06_pythia	6	FALSE
Aphaenogaster	TACTTMPAphaenogaster07	Aphaenogaster_feae	TACTTMPAphaenogaster07_feae	7	FALSE
Aphaenogaster	TACTTMPAphaenogaster08	Aphaenogaster_sahafina	TACTTMPAphaenogaster08_sahafina	8	FALSE
Aphaenogaster	TACTTMPAphaenogaster09	Aphaenogaster_bressleri	TACTTMPAphaenogaster09_bressleri	9	FALSE
Aphaenogaster	TACTTMPAphaenogaster10	Aphaenogaster_makay	TACTTMPAphaenogaster10_makay	10	FALSE
Aphaenogaster	TACTTMPAphaenogaster11	Aphaenogaster_phalangium	TACTTMPAphaenogaster11_phalangium	11	FALSE
Aphaenogaster	TACTTMPAphaenogaster12	Aphaenogaster_araneoides	TACTTMPAphaenogaster12_araneoides	12	FALSE
Aphaenogaster	TACTTMPAphaenogaster13	Aphaenogaster_honduriana	TACTTMPAphaenogaster13_honduriana	13	FALSE
Aphaenogaster	TACTTMPAphaenogaster14	Aphaenogaster_senilis	TACTTMPAphaenogaster14_senilis	14	FALSE
Aphaenogaster	TACTTMPAphaenogaster15	Aphaenogaster_balcanica	TACTTMPAphaenogaster15_balcanica	15	FALSE
Aphaenogaster	TACTTMPAphaenogaster16	Aphaenogaster_subterranea	TACTTMPAphaenogaster16_subterranea	16	FALSE
Aphaenogaster	TACTTMPAphaenogaster17	Aphaenogaster_pallida	TACTTMPAphaenogaster17_pallida	17	FALSE
Aphaenogaster	TACTTMPAphaenogaster18	Aphaenogaster_umphreyi	TACTTMPAphaenogaster18_umphreyi	18	FALSE
Aphaenogaster	TACTTMPAphaenogaster19	Aphaenogaster_fulva	TACTTMPAphaenogaster19_fulva	19	FALSE
Aphaenogaster	TACTTMPAphaenogaster20	Aphaenogaster_famelica	TACTTMPAphaenogaster20_famelica	20	FALSE
Aphaenogaster	TACTTMPAphaenogaster21	Aphaenogaster_tennesseensis	TACTTMPAphaenogaster21_tennesseensis	21	FALSE
Aphaenogaster	TACTTMPAphaenogaster22	Aphaenogaster_mariae	TACTTMPAphaenogaster22_mariae	22	FALSE
Aphaenogaster	TACTTMPAphaenogaster23	Aphaenogaster_mutica	TACTTMPAphaenogaster23_mutica	23	FALSE
Aphaenogaster	TACTTMPAphaenogaster24	Aphaenogaster_megommata	TACTTMPAphaenogaster24_megommata	24	FALSE
Aphaenogaster	TACTTMPAphaenogaster25	Aphaenogaster_uinta	TACTTMPAphaenogaster25_uinta	25	FALSE
Aphaenogaster	TACTTMPAphaenogaster26	Aphaenogaster_boulderensis	TACTTMPAphaenogaster26_boulderensis	26	FALSE
Aphaenogaster	TACTTMPAphaenogaster27	Aphaenogaster_patruelis	TACTTMPAphaenogaster27_patruelis	27	FALSE
Aphaenogaster	TACTTMPAphaenogaster28	Aphaenogaster_occidentalis	TACTTMPAphaenogaster28_occidentalis	28	FALSE
Aphaenogaster	TACTTMPAphaenogaster29	Aphaenogaster_texana	TACTTMPAphaenogaster29_texana	29	FALSE
Aphaenogaster	TACTTMPAphaenogaster30	Aphaenogaster_lamellidens	TACTTMPAphaenogaster30_lamellidens	30	FALSE
Aphaenogaster	TACTTMPAphaenogaster31	Aphaenogaster_rudis	TACTTMPAphaenogaster31_rudis	31	FALSE
Aphaenogaster	TACTTMPAphaenogaster32	Aphaenogaster_carolinensis	TACTTMPAphaenogaster32_carolinensis	32	FALSE
Aphaenogaster	TACTTMPAphaenogaster33	Aphaenogaster_miamiana	TACTTMPAphaenogaster33_miamiana	33	FALSE
Aphaenogaster	TACTTMPAphaenogaster34	Aphaenogaster_treatae	TACTTMPAphaenogaster34_treatae	34	FALSE
Aphaenogaster	TACTTMPAphaenogaster35	Aphaenogaster_ashmeadi	TACTTMPAphaenogaster35_ashmeadi	35	FALSE
Aphaenogaster	TACTTMPAphaenogaster36	Aphaenogaster_picea	TACTTMPAphaenogaster36_picea	36	FALSE
Aphaenogaster	TACTTMPAphaenogaster37	Aphaenogaster_flemingi	TACTTMPAphaenogaster37_flemingi	37	FALSE
Aphaenogaster	TACTTMPAphaenogaster38	Aphaenogaster_floridana	TACTTMPAphaenogaster38_floridana	38	FALSE
Aphaenogaster	TACTTMPAphaenogaster39	Aphaenogaster_huachucana	TACTTMPAphaenogaster39_huachucana	39	FALSE
Aphaenogaster	TACTTMPAphaenogaster40	Aphaenogaster_mauritanica	TACTTMPAphaenogaster40_mauritanica	40	FALSE
Aphaenogaster	TACTTMPAphaenogaster41	Aphaenogaster_gibbosa	TACTTMPAphaenogaster41_gibbosa	41	FALSE
Aphaenogaster	TACTTMPAphaenogaster42	Aphaenogaster_striativentris	TACTTMPAphaenogaster42_striativentris	42	FALSE
Aphaenogaster	TACTTMPAphaenogaster43	Aphaenogaster_sardoa	TACTTMPAphaenogaster43_sardoa	43	FALSE
Aphaenogaster	TACTTMPAphaenogaster44	Aphaenogaster_iberica	TACTTMPAphaenogaster44_iberica	44	FALSE
Aphaenogaster	TACTTMPAphaenogaster45	Aphaenogaster_japonica	TACTTMPAphaenogaster45_japonica	45	FALSE
Cataglyphis	TACTTMPCataglyphis01	Cataglyphis_italica	TACTTMPCataglyphis01_italica	1	FALSE
Cataglyphis	TACTTMPCataglyphis02	Cataglyphis_hellenica	TACTTMPCataglyphis02_hellenica	2	FALSE
Cataglyphis	TACTTMPCataglyphis03	Cataglyphis_cursor	TACTTMPCataglyphis03_cursor	3	FALSE
Cataglyphis	TACTTMPCataglyphis04	Cataglyphis_piliscapa	TACTTMPCataglyphis04_piliscapa	4	FALSE
Cataglyphis	TACTTMPCataglyphis05	Cataglyphis_cretica	TACTTMPCataglyphis05_cretica	5	FALSE
Cataglyphis	TACTTMPCataglyphis06	Cataglyphis_aenescens	TACTTMPCataglyphis06_aenescens	6	FALSE
Cataglyphis	TACTTMPCataglyphis07	Cataglyphis_velox	TACTTMPCataglyphis07_velox	7	FALSE
Cataglyphis	TACTTMPCataglyphis08	Cataglyphis_humeya	TACTTMPCataglyphis08_humeya	8	FALSE
Cataglyphis	TACTTMPCataglyphis09	Cataglyphis_hispanica	TACTTMPCataglyphis09_hispanica	9	FALSE
Cataglyphis	TACTTMPCataglyphis10	Cataglyphis_pilisquamis	TACTTMPCataglyphis10_pilisquamis	10	FALSE
Cataglyphis	TACTTMPCataglyphis11	Cataglyphis_mauritanica	TACTTMPCataglyphis11_mauritanica	11	FALSE
Cataglyphis	TACTTMPCataglyphis12	Cataglyphis_gaetula	TACTTMPCataglyphis12_gaetula	12	FALSE
Cataglyphis	TACTTMPCataglyphis13	Cataglyphis_altisquamis	TACTTMPCataglyphis13_altisquamis	13	FALSE
Cataglyphis	TACTTMPCataglyphis14	Cataglyphis_kurdistanica	TACTTMPCataglyphis14_kurdistanica	14	FALSE
Cataglyphis	TACTTMPCataglyphis15	Cataglyphis_frigida	TACTTMPCataglyphis15_frigida	15	FALSE
Cataglyphis	TACTTMPCataglyphis16	Cataglyphis_sabulosa	TACTTMPCataglyphis16_sabulosa	16	FALSE
Cataglyphis	TACTTMPCataglyphis17	Cataglyphis_bombycina	TACTTMPCataglyphis17_bombycina	17	FALSE
Cataglyphis	TACTTMPCataglyphis18	Cataglyphis_tartessica	TACTTMPCataglyphis18_tartessica	18	FALSE
Cataglyphis	TACTTMPCataglyphis19	Cataglyphis_floricola	TACTTMPCataglyphis19_floricola	19	FALSE
Cataglyphis	TACTTMPCataglyphis20	Cataglyphis_emmae	TACTTMPCataglyphis20_emmae	20	FALSE
Cataglyphis	TACTTMPCataglyphis21	Cataglyphis_vaucheri	TACTTMPCataglyphis21_vaucheri	21	FALSE
Cataglyphis	TACTTMPCataglyphis22	Cataglyphis_livida	TACTTMPCataglyphis22_livida	22	FALSE
Cataglyphis	TACTTMPCataglyphis23	Cataglyphis_theryi	TACTTMPCataglyphis23_theryi	23	FALSE
Cataglyphis	TACTTMPCataglyphis24	Cataglyphis_rubra	TACTTMPCataglyphis24_rubra	24	FALSE
Cataglyphis	TACTTMPCataglyphis25	Cataglyphis_rosenhaueri	TACTTMPCataglyphis25_rosenhaueri	25	FALSE
Cataglyphis	TACTTMPCataglyphis26	Cataglyphis_iberica	TACTTMPCataglyphis26_iberica	26	FALSE
Cataglyphis	TACTTMPCataglyphis27	Cataglyphis_gadeai	TACTTMPCataglyphis27_gadeai	27	FALSE
Cataglyphis	TACTTMPCataglyphis28	Cataglyphis_otini	TACTTMPCataglyphis28_otini	28	FALSE
Cataglyphis	TACTTMPCataglyphis29	Cataglyphis_cubica	TACTTMPCataglyphis29_cubica	29	FALSE
Cataglyphis	TACTTMPCataglyphis30	Cataglyphis_viaticoides	TACTTMPCataglyphis30_viaticoides	30	FALSE
Cataglyphis	TACTTMPCataglyphis31	Cataglyphis_albicans	TACTTMPCataglyphis31_albicans	31	FALSE
Cataglyphis	TACTTMPCataglyphis32	Cataglyphis_savignyi	TACTTMPCataglyphis32_savignyi	32	FALSE
Cataglyphis	TACTTMPCataglyphis33	Cataglyphis_israelensis	TACTTMPCataglyphis33_israelensis	33	FALSE
Cataglyphis	TACTTMPCataglyphis34	Cataglyphis_bicolor	TACTTMPCataglyphis34_bicolor	34	FALSE
Cataglyphis	TACTTMPCataglyphis35	Cataglyphis_holgerseni	TACTTMPCataglyphis35_holgerseni	35	FALSE
Cataglyphis	TACTTMPCataglyphis36	Cataglyphis_nodus	TACTTMPCataglyphis36_nodus	36	FALSE
Cataglyphis	TACTTMPCataglyphis37	Cataglyphis_viatica	TACTTMPCataglyphis37_viatica	37	FALSE
Cyphomyrmex	TACTTMPCyphomyrmex01	Cyphomyrmex_rimosus	TACTTMPCyphomyrmex01_rimosus	1	FALSE
Cyphomyrmex	TACTTMPCyphomyrmex02	Cyphomyrmex_cornutus	TACTTMPCyphomyrmex02_cornutus	2	FALSE
Cyphomyrmex	TACTTMPCyphomyrmex03	Cyphomyrmex_minutus	TACTTMPCyphomyrmex03_minutus	3	FALSE
Cyphomyrmex	TACTTMPCyphomyrmex04	Cyphomyrmex_transversus	TACTTMPCyphomyrmex04_transversus	4	FALSE
Cyphomyrmex	TACTTMPCyphomyrmex05	Cyphomyrmex_laevigatus	TACTTMPCyphomyrmex05_laevigatus	5	FALSE
Cyphomyrmex	TACTTMPCyphomyrmex06	Cyphomyrmex_muelleri	TACTTMPCyphomyrmex06_muelleri	6	FALSE
Cyphomyrmex	TACTTMPCyphomyrmex07	Cyphomyrmex_longiscapus	TACTTMPCyphomyrmex07_longiscapus	7	FALSE
Cyphomyrmex	TACTTMPCyphomyrmex08	Cyphomyrmex_wheeleri	TACTTMPCyphomyrmex08_wheeleri	8	FALSE
Cyphomyrmex	TACTTMPCyphomyrmex09	Cyphomyrmex_costatus	TACTTMPCyphomyrmex09_costatus	9	FALSE
Eurhopalothrix	TACTTMPEurhopalothrix01	Eurhopalothrix_procera	TACTTMPEurhopalothrix01_procera	1	FALSE
Eurhopalothrix	TACTTMPEurhopalothrix02	Eurhopalothrix_gravis	TACTTMPEurhopalothrix02_gravis	2	FALSE
Eurhopalothrix	TACTTMPEurhopalothrix03	Eurhopalothrix_bolaui	TACTTMPEurhopalothrix03_bolaui	3	FALSE
Eurhopalothrix	TACTTMPEurhopalothrix04	Eurhopalothrix_australis	TACTTMPEurhopalothrix04_australis	4	FALSE
Goniomma	TACTTMPGoniomma01	Goniomma_hispanicum	TACTTMPGoniomma01_hispanicum	1	FALSE
Goniomma	TACTTMPGoniomma02	Goniomma_baeticum	TACTTMPGoniomma02_baeticum	2	FALSE
Goniomma	TACTTMPGoniomma03	Goniomma_blanci	TACTTMPGoniomma03_blanci	3	FALSE
Goniomma	TACTTMPGoniomma04	Goniomma_compressisquama	TACTTMPGoniomma04_compressisquama	4	FALSE
Goniomma	TACTTMPGoniomma05	Goniomma_collingwoodi	TACTTMPGoniomma05_collingwoodi	5	FALSE
Lasius	TACTTMPLasius01	Lasius_subumbratus	TACTTMPLasius01_subumbratus	1	FALSE
Lasius	TACTTMPLasius02	Lasius_sabularum	TACTTMPLasius02_sabularum	2	FALSE
Lasius	TACTTMPLasius03	Lasius_claviger	TACTTMPLasius03_claviger	3	FALSE
Lasius	TACTTMPLasius04	Lasius_latipes	TACTTMPLasius04_latipes	4	FALSE
Lasius	TACTTMPLasius05	Lasius_californicus	TACTTMPLasius05_californicus	5	FALSE
Lasius	TACTTMPLasius06	Lasius_carniolicus	TACTTMPLasius06_carniolicus	6	FALSE
Lasius	TACTTMPLasius07	Lasius_pallitarsis	TACTTMPLasius07_pallitarsis	7	FALSE
Lasius	TACTTMPLasius08	Lasius_atopus	TACTTMPLasius08_atopus	8	FALSE
Lasius	TACTTMPLasius09	Lasius_myops	TACTTMPLasius09_myops	9	FALSE
Lasius	TACTTMPLasius10	Lasius_flavus	TACTTMPLasius10_flavus	10	FALSE
Lasius	TACTTMPLasius11	Lasius_brevicornis	TACTTMPLasius11_brevicornis	11	FALSE
Lasius	TACTTMPLasius12	Lasius_sonobei	TACTTMPLasius12_sonobei	12	FALSE
Lasius	TACTTMPLasius13	Lasius_nearcticus	TACTTMPLasius13_nearcticus	13	FALSE
Lasius	TACTTMPLasius14	Lasius_lasioides	TACTTMPLasius14_lasioides	14	FALSE
Lasius	TACTTMPLasius15	Lasius_brunneus	TACTTMPLasius15_brunneus	15	FALSE
Lasius	TACTTMPLasius16	Lasius_turcicus	TACTTMPLasius16_turcicus	16	FALSE
Lasius	TACTTMPLasius17	Lasius_niger	TACTTMPLasius17_niger	17	FALSE
Lasius	TACTTMPLasius18	Lasius_americanus	TACTTMPLasius18_americanus	18	FALSE
Lasius	TACTTMPLasius19	Lasius_psammophilus	TACTTMPLasius19_psammophilus	19	FALSE
Lasius	TACTTMPLasius20	Lasius_platythorax	TACTTMPLasius20_platythorax	20	FALSE
Lasius	TACTTMPLasius21	Lasius_emarginatus	TACTTMPLasius21_emarginatus	21	FALSE
Lasius	TACTTMPLasius22	Lasius_alienus	TACTTMPLasius22_alienus	22	FALSE
Lasius	TACTTMPLasius23	Lasius_grandis	TACTTMPLasius23_grandis	23	FALSE
Lasius	TACTTMPLasius24	Lasius_cinereus	TACTTMPLasius24_cinereus	24	FALSE
Lasius	TACTTMPLasius25	Lasius_spathepus	TACTTMPLasius25_spathepus	25	FALSE
Lasius	TACTTMPLasius26	Lasius_fuliginosus	TACTTMPLasius26_fuliginosus	26	FALSE
Lasius	TACTTMPLasius27	Lasius_neoniger	TACTTMPLasius27_neoniger	27	FALSE
Leptothorax	TACTTMPLeptothorax01	Leptothorax_muscorum	TACTTMPLeptothorax01_muscorum	1	FALSE
Leptothorax	TACTTMPLeptothorax02	Leptothorax_athabasca	TACTTMPLeptothorax02_athabasca	2	FALSE
Leptothorax	TACTTMPLeptothorax03	Leptothorax_acervorum	TACTTMPLeptothorax03_acervorum	3	FALSE
Lordomyrma	TACTTMPLordomyrma01	Lordomyrma_reticulata	TACTTMPLordomyrma01_reticulata	1	FALSE
Lordomyrma	TACTTMPLordomyrma02	Lordomyrma_azumai	TACTTMPLordomyrma02_azumai	2	FALSE
Lordomyrma	TACTTMPLordomyrma03	Lordomyrma_rugosa	TACTTMPLordomyrma03_rugosa	3	FALSE
Lordomyrma	TACTTMPLordomyrma04	Lordomyrma_curvata	TACTTMPLordomyrma04_curvata	4	FALSE
Lordomyrma	TACTTMPLordomyrma05	Lordomyrma_stoneri	TACTTMPLordomyrma05_stoneri	5	FALSE
Lordomyrma	TACTTMPLordomyrma06	Lordomyrma_desupra	TACTTMPLordomyrma06_desupra	6	FALSE
Lordomyrma	TACTTMPLordomyrma07	Lordomyrma_vuda	TACTTMPLordomyrma07_vuda	7	FALSE
Lordomyrma	TACTTMPLordomyrma08	Lordomyrma_striatella	TACTTMPLordomyrma08_striatella	8	FALSE
Lordomyrma	TACTTMPLordomyrma09	Lordomyrma_vanua	TACTTMPLordomyrma09_vanua	9	FALSE
Lordomyrma	TACTTMPLordomyrma10	Lordomyrma_bhutanensis	TACTTMPLordomyrma10_bhutanensis	10	FALSE
Lordomyrma	TACTTMPLordomyrma11	Lordomyrma_epinotalis	TACTTMPLordomyrma11_epinotalis	11	FALSE
Stigmatomma	TACTTMPStigmatomma01	Stigmatomma_tsyhady	TACTTMPStigmatomma01_tsyhady	1	FALSE
Stigmatomma	TACTTMPStigmatomma02	Stigmatomma_roahady	TACTTMPStigmatomma02_roahady	2	FALSE
Stigmatomma	TACTTMPStigmatomma03	Stigmatomma_irayhady	TACTTMPStigmatomma03_irayhady	3	FALSE
Stigmatomma	TACTTMPStigmatomma04	Stigmatomma_liebe	TACTTMPStigmatomma04_liebe	4	FALSE
Stigmatomma	TACTTMPStigmatomma05	Stigmatomma_sakalava	TACTTMPStigmatomma05_sakalava	5	FALSE
Stigmatomma	TACTTMPStigmatomma06	Stigmatomma_janovitsika	TACTTMPStigmatomma06_janovitsika	6	FALSE
Stigmatomma	TACTTMPStigmatomma07	Stigmatomma_silvestrii	TACTTMPStigmatomma07_silvestrii	7	FALSE
Stigmatomma	TACTTMPStigmatomma08	Stigmatomma_bellii	TACTTMPStigmatomma08_bellii	8	FALSE
Stigmatomma	TACTTMPStigmatomma09	Stigmatomma_boltoni	TACTTMPStigmatomma09_boltoni	9	FALSE
Stigmatomma	TACTTMPStigmatomma10	Stigmatomma_zwaluwenburgi	TACTTMPStigmatomma10_zwaluwenburgi	10	FALSE
Stigmatomma	TACTTMPStigmatomma11	Stigmatomma_scrobiceps	TACTTMPStigmatomma11_scrobiceps	11	FALSE
Stigmatomma	TACTTMPStigmatomma12	Stigmatomma_denticulatum	TACTTMPStigmatomma12_denticulatum	12	FALSE
Stigmatomma	TACTTMPStigmatomma13	Stigmatomma_pallipes	TACTTMPStigmatomma13_pallipes	13	FALSE
Stigmatomma	TACTTMPStigmatomma14	Stigmatomma_oregonense	TACTTMPStigmatomma14_oregonense	14	FALSE
Tetramorium	TACTTMPTetramorium01	Tetramorium_scytalum	TACTTMPTetramorium01_scytalum	1	FALSE
Tetramorium	TACTTMPTetramorium02	Tetramorium_lanuginosum	TACTTMPTetramorium02_lanuginosum	2	FALSE
Tetramorium	TACTTMPTetramorium03	Tetramorium_venator	TACTTMPTetramorium03_venator	3	FALSE
Tetramorium	TACTTMPTetramorium04	Tetramorium_validiusculum	TACTTMPTetramorium04_validiusculum	4	FALSE
Tetramorium	TACTTMPTetramorium05	Tetramorium_taylori	TACTTMPTetramorium05_taylori	5	FALSE
Tetramorium	TACTTMPTetramorium06	Tetramorium_sericeiventre	TACTTMPTetramorium06_sericeiventre	6	FALSE
Tetramorium	TACTTMPTetramorium07	Tetramorium_mahafaly	TACTTMPTetramorium07_mahafaly	7	FALSE
Tetramorium	TACTTMPTetramorium08	Tetramorium_tosii	TACTTMPTetramorium08_tosii	8	FALSE
Tetramorium	TACTTMPTetramorium09	Tetramorium_tantillum	TACTTMPTetramorium09_tantillum	9	FALSE
Tetramorium	TACTTMPTetramorium10	Tetramorium_caldarium	TACTTMPTetramorium10_caldarium	10	FALSE
Tetramorium	TACTTMPTetramorium11	Tetramorium_impurum	TACTTMPTetramorium11_impurum	11	FALSE
Tetramorium	TACTTMPTetramorium12	Tetramorium_caespitum	TACTTMPTetramorium12_caespitum	12	FALSE
Tetramorium	TACTTMPTetramorium13	Tetramorium_immigrans	TACTTMPTetramorium13_immigrans	13	FALSE
Tetramorium	TACTTMPTetramorium14	Tetramorium_atratulum	TACTTMPTetramorium14_atratulum	14	FALSE
Tetramorium	TACTTMPTetramorium15	Tetramorium_bessonii	TACTTMPTetramorium15_bessonii	15	FALSE
Tetramorium	TACTTMPTetramorium16	Tetramorium_artemis	TACTTMPTetramorium16_artemis	16	FALSE
Tetramorium	TACTTMPTetramorium17	Tetramorium_wardi	TACTTMPTetramorium17_wardi	17	FALSE
Tetramorium	TACTTMPTetramorium18	Tetramorium_ryanphelanae	TACTTMPTetramorium18_ryanphelanae	18	FALSE
Tetramorium	TACTTMPTetramorium19	Tetramorium_malagasy	TACTTMPTetramorium19_malagasy	19	FALSE
Tetramorium	TACTTMPTetramorium20	Tetramorium_plesiarum	TACTTMPTetramorium20_plesiarum	20	FALSE
Tetramorium	TACTTMPTetramorium21	Tetramorium_pleganon	TACTTMPTetramorium21_pleganon	21	FALSE
Tetramorium	TACTTMPTetramorium22	Tetramorium_mars	TACTTMPTetramorium22_mars	22	FALSE
Tetramorium	TACTTMPTetramorium23	Tetramorium_kelleri	TACTTMPTetramorium23_kelleri	23	FALSE
Tetramorium	TACTTMPTetramorium24	Tetramorium_ankarana	TACTTMPTetramorium24_ankarana	24	FALSE
Tetramorium	TACTTMPTetramorium25	Tetramorium_ibycterum	TACTTMPTetramorium25_ibycterum	25	FALSE
Tetramorium	TACTTMPTetramorium26	Tetramorium_dalek	TACTTMPTetramorium26_dalek	26	FALSE
Tetramorium	TACTTMPTetramorium27	Tetramorium_alperti	TACTTMPTetramorium27_alperti	27	FALSE
Tetramorium	TACTTMPTetramorium28	Tetramorium_ranarum	TACTTMPTetramorium28_ranarum	28	FALSE
Tetramorium	TACTTMPTetramorium29	Tetramorium_quasirum	TACTTMPTetramorium29_quasirum	29	FALSE
Tetramorium	TACTTMPTetramorium30	Tetramorium_naganum	TACTTMPTetramorium30_naganum	30	FALSE
Tetramorium	TACTTMPTetramorium31	Tetramorium_enkidu	TACTTMPTetramorium31_enkidu	31	FALSE
Tetramorium	TACTTMPTetramorium32	Tetramorium_gilgamesh	TACTTMPTetramorium32_gilgamesh	32	FALSE
Tetramorium	TACTTMPTetramorium33	Tetramorium_steinheili	TACTTMPTetramorium33_steinheili	33	FALSE
Tetramorium	TACTTMPTetramorium34	Tetramorium_ambatovy	TACTTMPTetramorium34_ambatovy	34	FALSE
Tetramorium	TACTTMPTetramorium35	Tetramorium_norvigi	TACTTMPTetramorium35_norvigi	35	FALSE
Tetramorium	TACTTMPTetramorium36	Tetramorium_mackae	TACTTMPTetramorium36_mackae	36	FALSE
Tetramorium	TACTTMPTetramorium37	Tetramorium_hobbit	TACTTMPTetramorium37_hobbit	37	FALSE
Tetramorium	TACTTMPTetramorium38	Tetramorium_trafo	TACTTMPTetramorium38_trafo	38	FALSE
Tetramorium	TACTTMPTetramorium39	Tetramorium_popell	TACTTMPTetramorium39_popell	39	FALSE
Tetramorium	TACTTMPTetramorium40	Tetramorium_vohitra	TACTTMPTetramorium40_vohitra	40	FALSE
Tetramorium	TACTTMPTetramorium41	Tetramorium_robitika	TACTTMPTetramorium41_robitika	41	FALSE
Tetramorium	TACTTMPTetramorium42	Tetramorium_mallenseana	TACTTMPTetramorium42_mallenseana	42	FALSE
Tetramorium	TACTTMPTetramorium43	Tetramorium_yammer	TACTTMPTetramorium43_yammer	43	FALSE
Tetramorium	TACTTMPTetramorium44	Tetramorium_sargina	TACTTMPTetramorium44_sargina	44	FALSE
Tetramorium	TACTTMPTetramorium45	Tetramorium_marginatum	TACTTMPTetramorium45_marginatum	45	FALSE
Tetramorium	TACTTMPTetramorium46	Tetramorium_hector	TACTTMPTetramorium46_hector	46	FALSE
Tetramorium	TACTTMPTetramorium47	Tetramorium_silvicola	TACTTMPTetramorium47_silvicola	47	FALSE
Tetramorium	TACTTMPTetramorium48	Tetramorium_valky	TACTTMPTetramorium48_valky	48	FALSE
Tetramorium	TACTTMPTetramorium49	Tetramorium_shamshir	TACTTMPTetramorium49_shamshir	49	FALSE
Tetramorium	TACTTMPTetramorium50	Tetramorium_myrmidon	TACTTMPTetramorium50_myrmidon	50	FALSE
Tetramorium	TACTTMPTetramorium51	Tetramorium_freya	TACTTMPTetramorium51_freya	51	FALSE
Tetramorium	TACTTMPTetramorium52	Tetramorium_pseudogladius	TACTTMPTetramorium52_pseudogladius	52	FALSE
Tetramorium	TACTTMPTetramorium53	Tetramorium_nassonowii	TACTTMPTetramorium53_nassonowii	53	FALSE
Tetramorium	TACTTMPTetramorium54	Tetramorium_merina	TACTTMPTetramorium54_merina	54	FALSE
Tetramorium	TACTTMPTetramorium55	Tetramorium_xanthogaster	TACTTMPTetramorium55_xanthogaster	55	FALSE
Tetramorium	TACTTMPTetramorium56	Tetramorium_schaufussii	TACTTMPTetramorium56_schaufussii	56	FALSE
Tetramorium	TACTTMPTetramorium57	Tetramorium_monticola	TACTTMPTetramorium57_monticola	57	FALSE
Tetramorium	TACTTMPTetramorium58	Tetramorium_camelliae	TACTTMPTetramorium58_camelliae	58	FALSE
Tetramorium	TACTTMPTetramorium59	Tetramorium_aspis	TACTTMPTetramorium59_aspis	59	FALSE
Tetramorium	TACTTMPTetramorium60	Tetramorium_rala	TACTTMPTetramorium60_rala	60	FALSE
Tetramorium	TACTTMPTetramorium61	Tetramorium_obiwan	TACTTMPTetramorium61_obiwan	61	FALSE
Tetramorium	TACTTMPTetramorium62	Tetramorium_gladius	TACTTMPTetramorium62_gladius	62	FALSE
Tetramorium	TACTTMPTetramorium63	Tetramorium_sikorae	TACTTMPTetramorium63_sikorae	63	FALSE
Tetramorium	TACTTMPTetramorium64	Tetramorium_cognatum	TACTTMPTetramorium64_cognatum	64	FALSE
Tetramorium	TACTTMPTetramorium65	Tetramorium_rumo	TACTTMPTetramorium65_rumo	65	FALSE
Tetramorium	TACTTMPTetramorium66	Tetramorium_tenuinode	TACTTMPTetramorium66_tenuinode	66	FALSE
Tetramorium	TACTTMPTetramorium67	Tetramorium_proximum	TACTTMPTetramorium67_proximum	67	FALSE
Tetramorium	TACTTMPTetramorium68	Tetramorium_severini	TACTTMPTetramorium68_severini	68	FALSE
Tetramorium	TACTTMPTetramorium69	Tetramorium_scutum	TACTTMPTetramorium69_scutum	69	FALSE
Tetramorium	TACTTMPTetramorium70	Tetramorium_isectum	TACTTMPTetramorium70_isectum	70	FALSE
Tetramorium	TACTTMPTetramorium71	Tetramorium_andrei	TACTTMPTetramorium71_andrei	71	FALSE
Tetramorium	TACTTMPTetramorium72	Tetramorium_isoelectrum	TACTTMPTetramorium72_isoelectrum	72	FALSE
Tetramorium	TACTTMPTetramorium73	Tetramorium_elf	TACTTMPTetramorium73_elf	73	FALSE
Tetramorium	TACTTMPTetramorium74	Tetramorium_electrum	TACTTMPTetramorium74_electrum	74	FALSE
Tetramorium	TACTTMPTetramorium75	Tetramorium_voasary	TACTTMPTetramorium75_voasary	75	FALSE
Tetramorium	TACTTMPTetramorium76	Tetramorium_jedi	TACTTMPTetramorium76_jedi	76	FALSE
Tetramorium	TACTTMPTetramorium77	Tetramorium_aherni	TACTTMPTetramorium77_aherni	77	FALSE
Tetramorium	TACTTMPTetramorium78	Tetramorium_noeli	TACTTMPTetramorium78_noeli	78	FALSE
Tetramorium	TACTTMPTetramorium79	Tetramorium_ambanizana	TACTTMPTetramorium79_ambanizana	79	FALSE
Tetramorium	TACTTMPTetramorium80	Tetramorium_marojejy	TACTTMPTetramorium80_marojejy	80	FALSE
Tetramorium	TACTTMPTetramorium81	Tetramorium_ala	TACTTMPTetramorium81_ala	81	FALSE
Tetramorium	TACTTMPTetramorium82	Tetramorium_adamsi	TACTTMPTetramorium82_adamsi	82	FALSE
Tetramorium	TACTTMPTetramorium83	Tetramorium_smaug	TACTTMPTetramorium83_smaug	83	FALSE
Tetramorium	TACTTMPTetramorium84	Tetramorium_sabatra	TACTTMPTetramorium84_sabatra	84	FALSE
Tetramorium	TACTTMPTetramorium85	Tetramorium_nazgul	TACTTMPTetramorium85_nazgul	85	FALSE
Tetramorium	TACTTMPTetramorium86	Tetramorium_andohahela	TACTTMPTetramorium86_andohahela	86	FALSE
Tetramorium	TACTTMPTetramorium87	Tetramorium_singletonae	TACTTMPTetramorium87_singletonae	87	FALSE
Tetramorium	TACTTMPTetramorium88	Tetramorium_nify	TACTTMPTetramorium88_nify	88	FALSE
Tetramorium	TACTTMPTetramorium89	Tetramorium_sada	TACTTMPTetramorium89_sada	89	FALSE
Tetramorium	TACTTMPTetramorium90	Tetramorium_nosybe	TACTTMPTetramorium90_nosybe	90	FALSE
Tetramorium	TACTTMPTetramorium91	Tetramorium_vony	TACTTMPTetramorium91_vony	91	FALSE
Tetramorium	TACTTMPTetramorium92	Tetramorium_bonibony	TACTTMPTetramorium92_bonibony	92	FALSE
Tetramorium	TACTTMPTetramorium93	Tetramorium_olana	TACTTMPTetramorium93_olana	93	FALSE
Tetramorium	TACTTMPTetramorium94	Tetramorium_kali	TACTTMPTetramorium94_kali	94	FALSE
Tetramorium	TACTTMPTetramorium95	Tetramorium_orc	TACTTMPTetramorium95_orc	95	FALSE
Tetramorium	TACTTMPTetramorium96	Tetramorium_dysalum	TACTTMPTetramorium96_dysalum	96	FALSE
Tetramorium	TACTTMPTetramorium97	Tetramorium_zenatum	TACTTMPTetramorium97_zenatum	97	FALSE
Tetramorium	TACTTMPTetramorium98	Tetramorium_coillum	TACTTMPTetramorium98_coillum	98	FALSE
Tetramorium	TACTTMPTetramorium99	Tetramorium_tsingy	TACTTMPTetramorium99_tsingy	99	FALSE
Tetramorium	TACTTMPTetramorium100	Tetramorium_gollum	TACTTMPTetramorium100_gollum	100	FALSE
Tetramorium	TACTTMPTetramorium101	Tetramorium_bressleri	TACTTMPTetramorium101_bressleri	101	FALSE
Tetramorium	TACTTMPTetramorium102	Tetramorium_avaratra	TACTTMPTetramorium102_avaratra	102	FALSE
Tetramorium	TACTTMPTetramorium103	Tetramorium_spinosum	TACTTMPTetramorium103_spinosum	103	FALSE
Tetramorium	TACTTMPTetramorium104	Tetramorium_hispidum	TACTTMPTetramorium104_hispidum	104	FALSE
Tetramorium	TACTTMPTetramorium105	Tetramorium_bicarinatum	TACTTMPTetramorium105_bicarinatum	105	FALSE
Tetramorium	TACTTMPTetramorium106	Tetramorium_humbloti	TACTTMPTetramorium106_humbloti	106	FALSE
Tetramorium	TACTTMPTetramorium107	Tetramorium_delagoense	TACTTMPTetramorium107_delagoense	107	FALSE
Tetramorium	TACTTMPTetramorium108	Tetramorium_anodontion	TACTTMPTetramorium108_anodontion	108	FALSE
Tetramorium	TACTTMPTetramorium109	Tetramorium_simillimum	TACTTMPTetramorium109_simillimum	109	FALSE
Tetramorium	TACTTMPTetramorium110	Tetramorium_transversinode	TACTTMPTetramorium110_transversinode	110	FALSE
Tetramorium	TACTTMPTetramorium111	Tetramorium_cavernicola	TACTTMPTetramorium111_cavernicola	111	FALSE
