n_ingroup_kept	outgroup_used	stem_len_inferred	stem_fraction	crown_fraction	chronos_status	chronos_reason	chronos_model	chronos_lambda	chronos_rate_cat	chronos_PHIIC	chronos_logLik	chronos_converged	chronos_ranking_criterion	n_chronos_trials	stem_mode	target_type	target_label	retained_tip	backbone_index
106	Stenamma_alas	0.13268736086499	0.13268736086499	0.86731263913501	selected_converged	NA	discrete	0.1	1	231.720648788899	-9.86032439444935	TRUE	PHIIC	15	crown	clade	Bazboltonia,Gnamptogenys	Acanthoponera	1
603	Proceratium_google	0.55850854983395	0.55850854983395	0.44149145016605	selected_nonconverged	NA	discrete	0.1	1	1312.9524473612	-53.4762236805992	FALSE	PHIIC	15	crown	clade	Platythyrea,Leptogenys	Anochetus	1
124	Monomorium_hanneli	6.49973	0.07577747479519	0.92422252520481	not_run	Input tree declared as chronogram.	NA	NA	NA	NA	NA	NA	NA	0	crown	clade	Rostromyrmex,Leptothorax	Acanthomyrmex	1
22	Agraulomyrmex_TZ01	15.9426	0.342731494727536	0.657268505272464	not_run	Input tree declared as chronogram.	NA	NA	NA	NA	NA	NA	NA	0	outgroup	tip	Acropyga	NA	1
5	Overbeckia_my01_D2498	0.039731	0.297318735922054	0.702681264077946	not_run	Input tree declared as chronogram.	NA	NA	NA	NA	NA	NA	NA	0	outgroup	tip	Calomyrmex	NA	1
16	Polyrhachis_AU_A_D2316	0.158573	0.413137723864459	0.586862276135541	not_run	Input tree declared as chronogram.	NA	NA	NA	NA	NA	NA	NA	0	outgroup	tip	Colobopsis	NA	1
110	Echinopla_australis	0.008575	0.0440308087291399	0.95596919127086	not_run	Input tree declared as chronogram.	NA	NA	NA	NA	NA	NA	NA	0	outgroup	tip	Camponotus	NA	1
2	Overbeckia_my01_D2498	0.047246	0.339867494406998	0.660132505593002	not_run	Input tree declared as chronogram.	NA	NA	NA	NA	NA	NA	NA	0	outgroup	tip	Echinopla	NA	1
2	Calomyrmex_albertisi	0.092236	0.690234228840829	0.309765771159171	not_run	Input tree declared as chronogram.	NA	NA	NA	NA	NA	NA	NA	0	outgroup	tip	Overbeckia	NA	1
4	Camponotus_ephippiatus	0.286504	0.802453540969373	0.197546459030627	not_run	Input tree declared as chronogram.	NA	NA	NA	NA	NA	NA	NA	0	outgroup	tip	Opisthopsis	NA	1
3	Camponotus_ephippiatus	0.254117	0.766888680321462	0.233111319678538	not_run	Input tree declared as chronogram.	NA	NA	NA	NA	NA	NA	NA	0	outgroup	tip	Lathidris	NA	1
153	NA	0	1e-08	0.99999999	not_run	Input tree declared as chronogram.	NA	NA	NA	NA	NA	NA	NA	0	crown	tip	Polyrhachis	NA	1
65	Procryptocerus_scabriusculus	0.579190216046052	0.579190216046052	0.420809783953948	selected_converged	NA	discrete	0.1	1	136.993857793293	-3.4969288966463	TRUE	PHIIC	15	outgroup	tip	Cephalotes	NA	1
110	Recurvidris_TH01	29.3002	0.408633231584818	0.591366768415182	not_run	Input tree declared as chronogram.	NA	NA	NA	NA	NA	NA	NA	0	crown	clade	Crematogaster_macracantha,Crematogaster_kelleri	Crematogaster_aberrans	1
31	Crematogaster_lotti	0.07642	0.486844619991081	0.513155380008919	not_run	Input tree declared as chronogram.	NA	NA	NA	NA	NA	NA	NA	0	outgroup	clade	Crematogaster_scutellaris,Crematogaster_pilosa	Crematogaster_coarctata	1
30	Forelius_damiani	6.06214	0.183456381241519	0.816543618758481	not_run	Input tree declared as chronogram.	NA	NA	NA	NA	NA	NA	NA	0	outgroup	tip	Dorymyrmex	NA	1
8	Dorymyrmex_paranensis	18.0285	0.545591057735781	0.454408942264219	not_run	Input tree declared as chronogram.	NA	NA	NA	NA	NA	NA	NA	0	outgroup	tip	Forelius	NA	1
9	Dorymyrmex_paranensis	10.1996	0.210162237186452	0.789837762813548	not_run	Input tree declared as chronogram.	NA	NA	NA	NA	NA	NA	NA	0	outgroup	tip	Leptomyrmex	NA	1
80	Iberoformica_subrufa	0.037559	0.127219456017342	0.872780543982658	not_run	Input tree declared as chronogram.	NA	NA	NA	NA	NA	NA	NA	0	outgroup	tip	Formica	NA	1
21	Myrmecocystus_mexicanus	0.0977426870615368	0.0977426870615368	0.902257312938463	selected_converged	NA	discrete	0.1	1	42.9336447386299	-0.466822369314962	TRUE	PHIIC	15	outgroup	tip	Lasius	NA	1
20	NA	0	1e-08	0.99999999	not_run	Input tree declared as chronogram.	NA	NA	NA	NA	NA	NA	NA	0	crown	tip	Myrmecocystus	NA	1
5	Myrmelachista_cooperi	57.688	0.673421111859253	0.326578888140747	not_run	Input tree declared as chronogram.	NA	NA	NA	NA	NA	NA	NA	0	outgroup	tip	Brachymyrmex	NA	1
24	'Brachymyrmex_cf_aphidicola_EXRP168'	56.5824	0.660514800769905	0.339485199230095	not_run	Input tree declared as chronogram.	NA	NA	NA	NA	NA	NA	NA	0	outgroup	tip	Myrmelachista	NA	1
37	Proformica_mongolica	10.1269	0.354633001820983	0.645366998179017	not_run	Input tree declared as chronogram.	NA	NA	NA	NA	NA	NA	NA	0	outgroup	clade	Cataglyphis,Rossomyrmex	Cataglyphis	1
62	Nothomyrm_macrops	0.147027	0.336705109649524	0.663294890350476	not_run	Input tree declared as chronogram.	NA	NA	NA	NA	NA	NA	NA	0	outgroup	tip	Myrmecia	NA	1
41	Adelomyrmex_longinoi	0.056484	0.0551221521099711	0.944877847890029	not_run	Input tree declared as chronogram.	NA	NA	NA	NA	NA	NA	NA	0	crown	clade	Manica,Pogonomyrmex	Hylomyrma	1
65	Hylomyrma_immanis	0.007608	0.0119796119852806	0.988020388014719	not_run	Input tree declared as chronogram.	NA	NA	NA	NA	NA	NA	NA	0	crown	clade	Pogonomyrmex_striatinodus,Pogonomyrmex_apache	Pogonomyrmex_apache	1
44	Lasius_californicus	20.95428615	0.312838298245039	0.687161701754961	not_run	Input tree declared as chronogram.	NA	NA	NA	NA	NA	NA	NA	0	crown	clade	Zatania,Nylanderia	Euprenolepis	1
36	Paratrechina_longicornis	0.495950240493917	0.495950240493917	0.504049759506083	selected_converged	NA	discrete	0.1	1	75.7521726884486	-1.87608634422428	TRUE	PHIIC	15	outgroup	clade	Nylanderia_helleri,Nylanderia_obscura	Nylanderia_amblyops	1
241	Cephalotes_setulifer	27.800577	0.485964772130953	0.514035227869047	not_run	Input tree declared as chronogram.	NA	NA	NA	NA	NA	NA	NA	0	outgroup	tip	Pheidole	NA	1
100	Myrcidris_epicharis	0.423713211861256	0.423713211861256	0.576286788138744	selected_converged	NA	correlated	10	NA	605.356040500143	-3.67276697332002	TRUE	PHIIC	15	outgroup	tip	Pseudomyrmex	NA	1
13	Pseudomyrmex_fervidus	6.79001	0.448367193040612	0.551632806959388	not_run	Input tree declared as chronogram.	NA	NA	NA	NA	NA	NA	NA	0	outgroup	clade	Pseudomyrmex_salvini,Pseudomyrmex_elongatulus	Pseudomyrmex_apache	1
12	Pseudomyrmex_perboscii	6.68633	0.330818065871601	0.669181934128399	not_run	Input tree declared as chronogram.	NA	NA	NA	NA	NA	NA	NA	0	outgroup	clade	Pseudomyrmex_particeps,Pseudomyrmex_janzeni	Pseudomyrmex_ferrugineus	1
86	Adelomyrmex_jtl	35.8545	0.415300170477567	0.584699829522433	not_run	Input tree declared as chronogram.	NA	NA	NA	NA	NA	NA	NA	0	crown	clade	Novomessor,Stenamma	Aphaenogaster	1
49	Aphaenogaster_megommata	0.019444	0.0903040633113038	0.909695936688696	not_run	Input tree declared as chronogram.	NA	NA	NA	NA	NA	NA	NA	0	outgroup	clade	Messor_aciculatus,Messor_denticornis	Messor_aciculatus	1
357	NA	0	1e-08	0.99999999	not_run	Input tree declared as chronogram.	NA	NA	NA	NA	NA	NA	NA	0	crown	tip	Strumigenys	NA	1
86	Leptothorax_calderoni	11.947725	0.254238829980785	0.745761170019215	not_run	Input tree declared as chronogram.	NA	NA	NA	NA	NA	NA	NA	0	outgroup	clade	Temnothorax_poeyi,Temnothorax_bernardi	Temnothorax_bernardi	1
9	NA	0	1e-08	0.99999999	not_run	Input tree declared as chronogram.	NA	NA	NA	NA	NA	NA	NA	0	crown	tip	Temnothorax_longinoi	NA	1
2	NA	0	1e-08	0.99999999	not_run	Input tree declared as chronogram.	NA	NA	NA	NA	NA	NA	NA	0	crown	tip	Temnothorax_unifasciatus	NA	1
68	Acanthognathus_ocellatus	0.048505	0.0665445665445665	0.933455433455433	not_run	Input tree declared as chronogram.	NA	NA	NA	NA	NA	NA	NA	0	crown	clade	Apterostigma,Acromyrmex	Acromyrmex	1
107	NA	0	1e-08	0.99999999	not_run	Input tree declared as chronogram.	NA	NA	NA	NA	NA	NA	NA	0	crown	clade	Dorylus,Eciton	Acanthostichus	1
32	Syscia_MY_M176	0.590166321420279	0.590166321420279	0.409833678579721	selected_converged	NA	discrete	0.1	1	68.4796707809017	-2.23983539045085	TRUE	PHIIC	15	outgroup	tip	Syscia_augustae	NA	1
20	Cardiocondyla_mauritanica	0.353134	0.64174911134211	0.35825088865789	not_run	Input tree declared as chronogram.	NA	NA	NA	NA	NA	NA	NA	0	outgroup	clade	Ocymyrmex_celer,Ocymyrmex_picardi	Ocymyrmex_celer	1
9	Mycetosoritis_explicata	10.7055	0.684748819894846	0.315251180105154	not_run	Input tree declared as chronogram.	NA	NA	NA	NA	NA	NA	NA	0	crown	clade	Sericomyrmex_scrobifer,Sericomyrmex_mayri	Sericomyrmex_amabilis	1
25	Trachymyrmex_arizonensis	0.006978	0.0368993543406184	0.963100645659382	not_run	Input tree declared as chronogram.	NA	NA	NA	NA	NA	NA	NA	0	outgroup	clade	Atta_texana,Amoimyrmex_striatus	Acromyrmex_balzani	1
12	NA	0	1e-08	0.99999999	not_run	Input tree declared as chronogram.	NA	NA	NA	NA	NA	NA	NA	0	crown	clade	Myrmicocrypta_tuberculata,Myrmicocrypta_ednaella	Myrmicocrypta_buenzlii	1
7	Octostruma_petiolata	0.196706188239599	0.196706188239599	0.803293811760401	selected_converged	NA	discrete	0.1	1	16.7228764842191	-1.36143824210955	TRUE	PHIIC	15	outgroup	tip	Basiceros	NA	1
30	Apomyrma_stygia	9.53407	0.0842823574381994	0.915717642561801	not_run	Input tree declared as chronogram.	NA	NA	NA	NA	NA	NA	NA	0	outgroup	clade	Amblyopone,Myopopone	Adetomyrma	1
2	Liometopum_luctuosum	35.6299	0.801358016638965	0.198641983361035	not_run	Input tree declared as chronogram.	NA	NA	NA	NA	NA	NA	NA	0	outgroup	tip	Aptinoma	NA	1
3	Aptinoma_antongil	36.4179	0.819081055915289	0.180918944084711	not_run	Input tree declared as chronogram.	NA	NA	NA	NA	NA	NA	NA	0	outgroup	tip	Liometopum	NA	1
3	Chronoxenus_wroughtonii	3.79009	0.260296937497253	0.739703062502747	not_run	Input tree declared as chronogram.	NA	NA	NA	NA	NA	NA	NA	0	outgroup	tip	Bothriomyrmex	NA	1
7	Forelius_chalybaeus	12.6698	0.189327215791006	0.810672784208994	not_run	Input tree declared as chronogram.	NA	NA	NA	NA	NA	NA	NA	0	outgroup	tip	Dolichoderus	NA	1
7	Gracilidris_pombero	21.8005	0.363791798385202	0.636208201614798	not_run	Input tree declared as chronogram.	NA	NA	NA	NA	NA	NA	NA	0	outgroup	tip	Azteca	NA	1
23	Forelius_chalybaeus	11.1398	0.17904761353695	0.82095238646305	not_run	Input tree declared as chronogram.	NA	NA	NA	NA	NA	NA	NA	0	outgroup	clade	Leptomyrmex_garretti,Leptomyrmex_puberulus	Leptomyrmex_burwelli	1
3	Papyrius_nitidus	32.46	0.621677110944275	0.378322889055725	not_run	Input tree declared as chronogram.	NA	NA	NA	NA	NA	NA	NA	0	outgroup	tip	Anonychomyrma	NA	1
2	Iridomyrmex_sanguineus	32.5246	0.730889887640449	0.269110112359551	not_run	Input tree declared as chronogram.	NA	NA	NA	NA	NA	NA	NA	0	outgroup	tip	Froggattella	NA	1
4	Froggattella_kirbii	19.8953	0.447085393258427	0.552914606741573	not_run	Input tree declared as chronogram.	NA	NA	NA	NA	NA	NA	NA	0	outgroup	tip	Iridomyrmex	NA	1
14	Iridomyrmex_sanguineus	18.002	0.304463273969591	0.695536726030409	not_run	Input tree declared as chronogram.	NA	NA	NA	NA	NA	NA	NA	0	outgroup	tip	Linepithema	NA	1
46	Pseudomyrmex_boopis	3.90926	0.0711187292697871	0.928881270730213	not_run	Input tree declared as chronogram.	NA	NA	NA	NA	NA	NA	NA	0	outgroup	tip	Tetraponera	NA	1
2	Santschiella_kohli	64.2579	0.95582276628254	0.0441772337174599	not_run	Input tree declared as chronogram.	NA	NA	NA	NA	NA	NA	NA	0	outgroup	tip	Oecophylla	NA	1
37	Manica_bradleyi	21.6466	0.468781421680265	0.531218578319735	not_run	Input tree declared as chronogram.	NA	NA	NA	NA	NA	NA	NA	0	outgroup	clade	Myrmica_wheeleri,Myrmica_fracticornis	Myrmica_americana	1
38	Calyptomyrmex_beccarii	25.3604	0.358895203262951	0.641104796737049	not_run	Input tree declared as chronogram.	NA	NA	NA	NA	NA	NA	NA	0	crown	clade	Tetramorium_taylori,Tetramorium_validiusculum	Strongylognathus_testaceus	1
9	Nesomyrmex_echinatinodis	54.8484	0.728423635177165	0.271576364822835	not_run	Input tree declared as chronogram.	NA	NA	NA	NA	NA	NA	NA	0	outgroup	clade	Cardiocondyla_mauritanica,Cardiocondyla_thoracica	Cardiocondyla_mauritanica	1
2	Monomorium_cyaneum	40.1101	0.52578723694318	0.47421276305682	not_run	Input tree declared as chronogram.	NA	NA	NA	NA	NA	NA	NA	0	outgroup	tip	Megalomyrmex	NA	1
3	Monomorium_hanneli	9.52347	0.146751147269828	0.853248852730172	not_run	Input tree declared as chronogram.	NA	NA	NA	NA	NA	NA	NA	0	outgroup	tip	Syllophopsis	NA	1
3	Monomorium_hanneli	45.6534	0.754744992065435	0.245255007934565	not_run	Input tree declared as chronogram.	NA	NA	NA	NA	NA	NA	NA	0	outgroup	tip	Myrmicaria	NA	1
2	Tranopelta_gilva	40.8797	0.688333271593921	0.311666728406079	not_run	Input tree declared as chronogram.	NA	NA	NA	NA	NA	NA	NA	0	outgroup	tip	Ochetomyrmex	NA	1
24	Syllophopsis_ferodens	37.953945	0.565094485590561	0.434905514409439	not_run	Input tree declared as chronogram.	NA	NA	NA	NA	NA	NA	NA	0	outgroup	tip	Monomorium	NA	1
13	Kempfidris_inusualis	10.887789	0.15813638124167	0.84186361875833	not_run	Input tree declared as chronogram.	NA	NA	NA	NA	NA	NA	NA	0	outgroup	tip	Solenopsis	NA	1
18	Austromorium_flavigaster	11.884528	0.203870796464519	0.796129203535481	not_run	Input tree declared as chronogram.	NA	NA	NA	NA	NA	NA	NA	0	outgroup	tip	Chelaner	NA	1
10	Axinidris_mlalu	22.222254	0.419099967552279	0.580900032447721	not_run	Input tree declared as chronogram.	NA	NA	NA	NA	NA	NA	NA	0	outgroup	tip	Technomyrmex	NA	1
6	Liometopum_luctuosum	8.347817	0.163813557246597	0.836186442753403	not_run	Input tree declared as chronogram.	NA	NA	NA	NA	NA	NA	NA	0	outgroup	tip	Tapinoma	NA	1
6	Vitsika_labes	6.034308819	0.493728643439467	0.506271356560533	not_run	Input tree declared as chronogram.	NA	NA	NA	NA	NA	NA	NA	0	outgroup	clade	Malagidris_belti,Malagidris_jugum	Malagidris_belti	1
2	Trichomyrmex_destructor	5.757115092	0.434904391728751	0.565095608271249	not_run	Input tree declared as chronogram.	NA	NA	NA	NA	NA	NA	NA	0	outgroup	tip	Metapone_madagascarica	NA	1
13	Vitsika_labes	2.529308947	0.168685379018138	0.831314620981862	not_run	Input tree declared as chronogram.	NA	NA	NA	NA	NA	NA	NA	0	outgroup	clade	Royidris_longiseta,Royidris_notorthotenes	Royidris_longiseta	1
9	Simopone_nonnihil	9.170808133	0.127372335175248	0.872627664824752	not_run	Input tree declared as chronogram.	NA	NA	NA	NA	NA	NA	NA	0	outgroup	clade	Tanipone_aglandula,Tanipone_scelesta	Tanipone_aglandula	1
16	Malagidris_dulcis	2.521536357	0.206312729820328	0.793687270179672	not_run	Input tree declared as chronogram.	NA	NA	NA	NA	NA	NA	NA	0	outgroup	clade	Vitsika_producta,Vitsika_suspicax	Vitsika_brevis	1
10	Stigmatomma_roahady	6.982472627	0.140766386511013	0.859233613488987	not_run	Input tree declared as chronogram.	NA	NA	NA	NA	NA	NA	NA	0	crown	clade	Mystrium_mysticum,Mystrium_mirror	Mystrium_barrybressleri	1
8	Stigmatomma_sakalava	5.679869481	0.0977718026220857	0.902228197377914	not_run	Input tree declared as chronogram.	NA	NA	NA	NA	NA	NA	NA	0	outgroup	clade	Adetomyrma_bressleri,Adetomyrma_caputleae	Adetomyrma_bressleri	1
3	Vitsika_labes	8.912668562	0.43525851546112	0.56474148453888	not_run	Input tree declared as chronogram.	NA	NA	NA	NA	NA	NA	NA	0	outgroup	tip	Eutetramorium_mocquerysi	NA	1
