tree	focal_sp	nb_mis_sp	nb_ovl_sp	iter
ambl_Stigmatomma_s1	Stigmatomma_bellii	1	2	1
ambl_Stigmatomma_s3	Stigmatomma_zwaluwenburgi	1	2	4
ambl_Stigmatomma_s4	Apomyrma_stygia	1	1	4
ambl_Amblyopone_s0	Amblyopone_australis	1	1	1
atti_Acromyrmex_s2	Acromyrmex_heyeri	1	2	7
atti_Acromyrmex_s3	Acanthognathus_ocellatus	9	1	7
atti_Sericomyrmex_s1	Sericomyrmex_amabilis	1	2	1
atti_Myrmicocrypta_s1	Myrmicocrypta_buenzlii	1	1	1
atti_Basiceros_s0	Tranopelta_gilva	5	1	1
atti_Strumigenys_s0	Phalacromyrmex_fugax	2	1	1
atti_Pheidole_s1	Pheidole_dispar	1	1	1
atti_Cephalotes_s0	Procryptocerus_scabriusculus	1	1	1
atti2_Sericomyrmex_s0	Sericomyrmex_amabilis	1	2	1
atti2_Mycetomoellerius_s1	Mycetomoellerius_ruthae	1	2	1
atti2_Mycetagroicus_s0	Mycetagroicus_cerradensis	1	2	1
atti3_Pheidole_s1	Pheidole_dispar	1	2	1
atti3_Strumigenys_s0	Pilotrochus_besmerus	5	1	1
atti3_Basiceros_s0	Eurhopalothrix_gravis	2	1	1
atti3_Mycocepurus_s1	Blepharidatta_conops	9	1	1
atti3_Myrmicocrypta_s1	Myrmicocrypta_buenzlii	1	2	1
atti3_Sericomyrmex_s1	Sericomyrmex_amabilis	1	2	1
atti3_Acromyrmex_s1	Acromyrmex_heyeri	1	2	1
bakb_Mycetarotes_s0	Daceton_armigerum	8	1	1
bakb_Trachymyrmex_s0	Cyphomyrmex_minutus	1	1	1
bakb_Cephalotes_s0	Procryptocerus_pictipes	1	1	1
bakb_Strumigenys_s0	Pilotrochus_besmerus	1	1	1
bakb_Basiceros_s0	Eurhopalothrix_procera	2	1	1
bakb_Ochetomyrmex_s0	Lachnomyrmex_pilosus	5	1	1
bakb_Solenopsis_s0	Stegomyrmex_manni	4	1	1
bakb_Monomorium_s0	Myrmicaria_natalensis	2	1	1
bakb_Ocymyrmex_s0	Cardiocondyla_emeryi	1	1	1
bakb_Kartidris_s0	Mayriella_transfuga	1	1	1
bakb_Ancyridris_s0	Lasiomyrma_in01	1	1	1
bakb_Harpagoxenus_s0	Formicoxenus_provancheri	1	1	1
bakb_Romblonella_s0	Paratopula_th01	1	1	1
bakb_Cyphoidris_s0	Tetramorium_bicarinatum	5	1	1
bakb_Diplomorium_s0	Carebara_affinis	1	1	1
bakb_Goniomma_s0	Aphaenogaster_pythia	2	1	1
bakb_Zatania_s0	Cladomyrma_petalae	1	1	1
bakb_Opisthopsis_s0	Colobopsis_obliqua	3	1	1
bakb_Polyrhachis_s0	Dinomyrmex_gigas	1	1	1
bakb_Echinopla_s0	Camponotus_floridanus	1	1	1
bakb_Oecophylla_s0	Petalomyrmex_phylax	7	1	1
bakb_Formica_s0	Polyergus_mexicanus	2	1	1
bakb_Cataglyphis_s0	Proformica_nasuta	3	1	1
bakb_Stigmacros_s0	Notostigma_carazzii	5	1	1
bakb_Pseudomyrmex_s0	Myrmecia_nigrocincta	3	1	1
bakb_Anonychomyrma_s0	Aneuretus_simoni	3	1	1
bakb_Froggattella_s0	Turneria_bidentata	3	1	1
bakb_Dorymyrmex_s0	Forelius_maranhaoensis	1	1	1
bakb_Technomyrmex_s0	Axinidris_lignicola	1	1	1
bakb_Cheliomyrmex_s0	Leptanilloides_nomadus	1	1	1
bakb_Dinoponera_s0	Thaumatomyrmex_atrox	1	1	1
bakb_Adetomyrma_s0	Tatuidris_tatusia	5	1	1
bakb_Onychomyrmex_s0	Prionopelta_antillana	1	1	1
brach_Brachymyrmex_s1	Brachymyrmex_aphidicola	1	2	1
cata_Cataglyphis_s1	Cataglyphis_cursor	1	2	1
ceph_Cephalotes_s1	Cephalotes_christopherseni	1	2	1
ceph_Cephalotes_s2	Cephalotes_bivestitus	1	2	1
crea_Crematogaster_s1	Crematogaster_masokely	1	2	1
crea_Crematogaster_s2	Crematogaster_tavaratra	2	3	1
cren_Crematogaster_s1	Crematogaster_rossi	1	2	1
cres_Crematogaster_s0	Crematogaster_tanakai	8	5	1
cret_Crematogaster_s1	Crematogaster_latuka	1	2	1
cret_Crematogaster_s2	Crematogaster_aberrans	1	2	1
doli_Technomyrmex_s1	Axinidris_murielae	2	1	1
doli_Bothriomyrmex_s1	Ravavy_miafina	3	1	1
doli_Azteca_s1	Gracilidris_pombero	1	1	1
doli_Linepithema_s0	Linepithema_humile	1	1	1
doli_Anonychomyrma_s1	Nebothriomyrmex_majeri	2	1	1
doli_Froggattella_s0	Turneria_bidentata	2	1	1
dory_Acanthostichus_s0	Eburopone_CM02	3	1	1
dory_Eciton_s1	Eciton_rapax	1	2	1
dory_Dorylus_s2	Dorylus_affinis	1	2	2
dory_Dorylus_s3	Aenictogiton_ZM02	2	1	2
dory_Ooceraea_s1	Eusphinctus_TH	1	1	1
dory_Parasyscia_s1	Lividopone_MG	1	1	1
ecta_Poneracantha_s1	Poneracantha_wilsoni	1	2	1
fori_Formica_s1	Pseudonotoncus_hirsutus	16	1	1
fori_Acropyga_s0	Anoplolepis_custodiens	4	1	1
fori_Tapinolepis_s0	Petalomyrmex_phylax	2	1	1
fori_Calomyrmex_s1	Myrmoteras_iriodum	2	1	1
fori_Camponotus_s1	Camponotus_bedoti	1	2	1
fori_Camponotus_s3	Camponotus_maritimus	1	2	4
fori_Camponotus_s4	Camponotus_cruentatus	1	1	4
fori_Colobopsis_s1	Colobopsis_saundersi	1	1	1
fori_Oecophylla_s1	Santschiella_kohli	1	1	1
fori_Lasius_s1	Cladomyrma_petalae	1	1	1
form_Formica_s1	Polyergus_vinosus	5	1	1
lasi_Myrmecocystus_s1	Cladomyrma_petalae	1	1	1
lasi_Paraparatrechina_s1	Metalasius_myrmidon	1	1	1
lasi_Nylanderia_s2	Nylanderia_phantasma	2	2	3
lasi_Nylanderia_s3	Nylanderia_amblyops	2	3	3
lasi2_Lasius_s0	Cladomyrma_petalae	1	1	1
lasi2_Nylanderia_s1	Nylanderia_concinna	1	2	1
lasi2_Nylanderia_s5	Nylanderia_phantasma	1	2	3
lasi2_Nylanderia_s6	Nylanderia_vividula	1	2	3
lasi2_Nylanderia_s7	Nylanderia_amblyops	1	2	3
lasi2_Nylanderia_s8	Nylanderia_madagascarensis	1	2	3
lasi2_Nylanderia_s9	Nylanderia_helleri	1	2	3
melo_s0	Melophorus_wheeleri	25	0	1
mycr_Mycocepurus_s0	Mycocepurus_tardus	1	1	1
mycr_Myrmicocrypta_s1	Myrmicocrypta_buenzlii	1	2	1
mymi_Myrmica_s3	Myrmica_wittmeri	3	3	3
mymi_Myrmica_s7	Myrmica_spinosior	1	2	7
mymi_Myrmica_s8	Myrmica_laurae	1	2	7
mymi_Myrmica_s9	Myrmica_bergi	1	2	7
mymi_Myrmica_s11	Myrmica_semiparasitica	1	2	18
mymi_Myrmica_s12	Myrmica_rubra	10	6	18
mymi_Myrmica_s13	Myrmica_wesmaeli	1	2	21
mymi_Myrmica_s14	Myrmica_lobulicornis	14	8	21
myre_Myrmecia_s1	Myrmecia_banksi	1	2	1
myre_Myrmecia_s2	Myrmecia_eungellensis	1	2	1
myre_Myrmecia_s3	Myrmecia_esuriens	1	2	1
myre_Myrmecia_s5	Myrmecia_nigriscapa	1	2	2
myre_Myrmecia_s6	Myrmecia_nigrocincta	1	2	2
myre_Myrmecia_s7	Nothomyrmecia_macrops	1	1	2
myrm_Myrmica_s1	Myrmica_glacialis	1	2	1
myrm_Myrmica_s2	Myrmica_rubra	3	3	1
myrm_Pogonomyrmex_s1	Pogonomyrmex_apache	1	2	1
myrm_Pogonomyrmex_s2	Pogonomyrmex_aterrimus	1	2	1
myrm_Monomorium_s0	Adelomyrmex_longinoi	7	1	1
myrm_Cyphomyrmex_s0	Acanthognathus_ocellatus	1	1	1
myrm_Basiceros_s0	Rhopalothrix_isthmica	3	1	1
myrm_Pheidole_s1	Pheidole_veletis	1	2	1
myrm_Ocymyrmex_s0	Cardiocondyla_mauritanica	1	1	1
myrm_Nesomyrmex_s0	Nesomyrmex_pleuriticus	1	2	1
myrm_Cataulacus_s0	Cataulacus_egenus	1	2	1
myrm_Carebara_s0	Carebara_nosindambo	1	1	1
myrm_Cyphoidris_s0	Dicroaspis_KM01	1	1	1
myrm_Tetramorium_s0	Tetramorium_immigrans	2	1	1
myrm_Crematogaster_s1	Crematogaster_macracantha	2	1	1
myrm_Adlerzia_s0	Recurvidris_MM01	1	1	1
myrm_Pristomyrmex_s0	Pristomyrmex_bicolor	1	2	1
myrm_Poecilomyrma_s0	Paratopula_TH01	1	1	1
myrm_Vombisidris_s0	Gauromyrmex_bengkalisi	1	1	1
myrm_Harpagoxenus_s0	Leptothorax_athabasca	2	1	1
ocym_Ocymyrmex_s1	Ocymyrmex_flaviventris	1	2	1
pogo_Pogonomyrmex_s1	Pogonomyrmex_aterrimus	1	2	1
pogo_Pogonomyrmex_s2	Pogonomyrmex_apache	1	2	1
pogo_Pogonomyrmex_s3	Pogonomyrmex_propinquus	1	2	1
pogo_Pogonomyrmex_s4	Pogonomyrmex_meridionalis	1	2	1
pseu2_Pseudomyrmex_s1	Pseudomyrmex_micans	2	3	1
seco_Dilobocondyla_s0	Secostruma_MY01	1	1	1
seri_Sericomyrmex_s1	Sericomyrmex_amabilis	1	2	1
sten_Novomessor_s0	Veromessor_stoddardi	1	1	1
tapi_Tapinoma_s0	Tapinoma_litorale	7	2	1
temn_Temnothorax_s1	Temnothorax_peninsularis	1	2	1
temn_Temnothorax_s3	Temnothorax_algiricus	1	2	7
temn_Temnothorax_s5	Temnothorax_exilis	1	2	13
temn_Temnothorax_s7	Temnothorax_augusti	1	2	16
temn_Temnothorax_s8	Temnothorax_semiruber	3	4	16
vero_Veromessor_s1	Veromessor_pseudolariversi	1	2	1
vero_Veromessor_s2	Veromessor_stoddardi	1	2	1
