step	function_raw	new_label	pre_dropped	sister_input	shape1	shape2	min_frac	max_frac	include_terminal	include_stem	edge_index	edge_length	chosen_frac	position_from_child	attach_age	where_node	new_tip_length	tree_depth	edge_type	reference	doi
1	graft sister to clade	Poneracantha	TRUE	Gnamptogenys,Typhlomyrmex	1	1	0.1	0.9	NA	NA	306	0.1045284244	0.168155165202916	0.0175769944733825	0.881621005485618	506	0.390794995514382	1.272416001	NA	Camacho et al (2022)	https://doi.org/10.1093/isd/ixab026
2	graft sister to tip	Alfaria	TRUE	Poneracantha	1	1	0.1	0.9	NA	NA	308	0.3907949955	0.671088372170925	0.262257977382639	1.01015802360636	151	0.262257977393639	1.272416001	NA	Camacho et al (2022)	https://doi.org/10.1093/isd/ixab026
3	graft sister to tip	Holcoponera	TRUE	Alfaria	1	1	0.1	0.9	NA	NA	308	0.2622579774	0.386603584885597	0.101389874227686	1.17102612676131	151	0.101389874238686	1.272416001	NA	Camacho et al (2022)	https://doi.org/10.1093/isd/ixab026
4	graft sister to clade	Stictoponera	TRUE	Alfaria,Gnamptogenys	1	1	0.1	0.9	NA	NA	301	0.111624005469	0.310729348286986	0.0346848544725654	0.846936150996435	503	0.425479850003565	1.272416001	NA	Camacho et al (2022)	https://doi.org/10.1093/isd/ixab026
5	graft sister to clade	Bazboltonia	TRUE	Acanthoponera,Heteroponera	1	1	0.1	0.9	NA	NA	315	0.439067	0.374406167678535	0.164389392824111	0.736440607175889	509	0.535975393824111	1.272416001	NA	Camacho et al (2022)	https://doi.org/10.1093/isd/ixab026
6	graft sister to tip	Aulacopone	TRUE	Heteroponera	1	1	0.1	0.9	NA	NA	317	0.3715860006	0.533806579001248	0.198355051785042	1.07406094881496	156	0.198355052185042	1.272416001	NA	Taylor (1980)	NA
7	graft sister to tip	Uwari	TRUE	Opisthopsis	1	1	0.1	0.9	NA	NA	346	0.3296090006	0.15226220227778	0.050186992321934	1.22222900827807	168	0.0501869927219343	1.272416001	NA	Ward et al (2025)	https://doi.org/10.1111/syen.12678
8	graft sister to tip	Overbeckia	TRUE	Calomyrmex	1	1	0.1	0.9	NA	NA	337	0.08939400057	0.530165741965175	0.0473936366394293	1.22502236393057	160	0.0473936370894295	1.27241600102	NA	Ward et al (2025)	https://doi.org/10.1111/syen.12678
9	graft sister to clade	Lathidris	TRUE	Dinomyrmex,Calomyrmex	1	1	0.1	0.9	NA	NA	331	0.031839	0.117418857291341	0.00373849899729899	0.970907501002701	521	0.301508500017299	1.27241600102	NA	Ward et al (2025)	https://doi.org/10.1111/syen.12678
10	graft sister to clade	Retalimyrma	TRUE	Camponotus,Calomyrmex	1	1	0.1	0.9	NA	NA	334	0.072594	0.520002334751189	0.0377490494889278	1.05584295050807	524	0.216573050511928	1.27241600102	NA	Ward et al (2025)	https://doi.org/10.1111/syen.12678
11	graft sister to tip	Alloformica	TRUE	Proformica	1	1	0.1	0.9	NA	NA	378	0.1745910006	0.176774890162051	0.0308633049543475	1.24155269564565	185	0.0308633053743479	1.27241600102	NA	Agosti (1994)	NA
12	graft sister to clade	Metalasius	TRUE	Paraparatrechina,Paratrechina	1	1	0.1	0.9	NA	NA	409	0.106526	0.10888661686331	0.011599255747981	0.895242744252019	557	0.377173256767981	1.27241600102	NA	Boudinot et al (2022)	https://doi.org/10.1111/syen.12522
13	graft within clade random	Bregmatomyrma	TRUE	Anoplolepis,Lepisiota	1	1	0.1	0.9	TRUE	TRUE	369	0.4228900006	0.488630572520196	0.206636983106244	1.06577901749376	181	0.206636983556244	1.27241600105	terminal	Bolton (2003)	NA
14	graft sister to tip	Chronoxenus	TRUE	Bothriomyrmex	1	1	0.1	0.9	NA	NA	470	0.48924426106	0.175409495271742	0.0858180888971311	1.18659791167287	232	0.085818089427131	1.2724160011	NA	Ward et al (2010)	https://doi.org/10.1093/sysbio/syq012
15	graft sister to clade	Arnoldius	TRUE	Bothriomyrmex,Chronoxenus	1	1	0.1	0.9	NA	NA	469	0.44656661087	0.231196592003107	0.103244678535522	1.08335323317448	587	0.189062767965522	1.27241600114	NA	Ward et al (2010)	https://doi.org/10.1093/sysbio/syq012
16	graft sister to clade	Loweriella	TRUE	Arnoldius,Chronoxenus	1	1	0.1	0.9	NA	NA	469	0.3433219323	0.251155886985362	0.0862273244283348	0.997125908711665	587	0.275290092428335	1.27241600114	NA	Ward et al (2010)	https://doi.org/10.1093/sysbio/syq012
17	graft sister to tip	Ravavy	TRUE	Loweriella	1	1	0.1	0.9	NA	NA	474	0.2752900924	0.351864216476679	0.0968647326661185	1.17555126847388	235	0.0968647326961185	1.27241600117	NA	Ward et al (2010)	https://doi.org/10.1093/sysbio/syq012
18	graft sister to tip	Aptinoma	TRUE	Tapinoma	1	1	0.1	0.9	NA	NA	480	0.2996084703	0.233667135797441	0.0700086531156537	1.20240734745435	237	0.0700086536756535	1.27241600113	NA	Ward et al (2010)	https://doi.org/10.1093/sysbio/syq012
19	graft sister to tip	Nebothriomyrmex	TRUE	Anonychomyrma	1	1	0.1	0.9	NA	NA	453	0.16380102387	0.733872821740806	0.12020911959151	1.15220688097849	221	0.12020912017151	1.27241600115	NA	Ward et al (2010)	https://doi.org/10.1093/sysbio/syq012
20	graft sister to clade	Doleromyrma	TRUE	Anonychomyrma,Nebothriomyrmex	1	1	0.1	0.9	NA	NA	452	0.0922488809799999	0.410577085241675	0.0378752766695746	1.11433160431043	581	0.158084396869575	1.27241600118	NA	Ward et al (2010)	https://doi.org/10.1093/sysbio/syq012
21	graft within clade random	Ecphorella	TRUE	Tapinoma,Technomyrmex	1	1	0.1	0.9	TRUE	TRUE	485	0.3837240006	0.870055173709989	0.333861051998725	0.938554948601275	241	0.333861052608725	1.27241600121	terminal	Ward et al (2010)	https://doi.org/10.1093/sysbio/syq012
22	graft within clade random	Anillidris	TRUE	Leptomyrmex,Froggattella	1	1	0.1	0.9	TRUE	TRUE	459	0.3165890006	0.133938722684979	0.0424035263564782	1.23001247424352	225	0.0424035269664782	1.27241600121	terminal	Ward et al (2010)	https://doi.org/10.1093/sysbio/syq012
23	graft sister to tip	Ankylomyrma	TRUE	Tatuidris	1	1	0.4	0.6	NA	NA	686	0.9543340006	0.472004246106371	0.45044970048688	0.82196630011312	343	0.45044970109688	1.27241600121	NA	Ward et al (2015)	https://doi.org/10.1111/syen.12090
24	graft sister to tip	Belonopelta	TRUE	Thaumatomyrmex	1	1	0.1	0.9	NA	NA	654	0.4686810006	0.404929434135556	0.189782732363044	1.08263326823696	326	0.189782732973044	1.27241600121	NA	Fisher et al (2025)	https://doi.org/10.3897%2Fzookeys.1264.173399
25	graft sister to tip	Wadeura	TRUE	Parvaponera	1	1	0.1	0.9	NA	NA	629	0.2137662979	0.622601401433349	0.133091196651759	1.13932480395824	310	0.133091197251759	1.27241600121	NA	Fisher et al (2025)	https://doi.org/10.3897%2Fzookeys.1264.173399
26	graft sister to clade	Sritoponera	TRUE	Parvaponera,Wadeura	1	1	0.1	0.9	NA	NA	628	0.12606280395	0.272245779447258	0.0343200663206746	1.10500473763933	668	0.167411263620675	1.27241600126	NA	Fisher et al (2025)	https://doi.org/10.3897%2Fzookeys.1264.173399
27	graft sister to clade	Austroponera	TRUE	Pseudoponera,Sritoponera	1	1	0.1	0.9	NA	NA	626	0.19757300001	0.300963691063225	0.0594622993374442	0.953799700672556	666	0.318616300587444	1.27241600126	NA	Fisher et al (2025)	https://doi.org/10.3897%2Fzookeys.1264.173399
28	graft sister to clade	Emeryopone	TRUE	Cryptopone,Wadeura	1	1	0.1	0.9	NA	NA	624	0.03229024716	0.762988535687327	0.0246370883975902	0.79105191160241	664	0.48136408969759	1.2724160013	NA	Fisher et al (2025)	https://doi.org/10.3897%2Fzookeys.1264.173399
29	graft sister to clade	Ponera	TRUE	Emeryopone,Wadeura	1	1	0.1	0.9	NA	NA	623	0.046462911602	0.488469652272761	0.022695722273809	0.768356189328191	663	0.504059811973809	1.272416001302	NA	Fisher et al (2025)	https://doi.org/10.3897%2Fzookeys.1264.173399
30	graft sister to tip	Boloponera	TRUE	Plectroctena	1	1	0.1	0.9	NA	NA	613	0.31169717908	0.113746241666377	0.0354543826583615	1.23696161787564	303	0.0354543834543615	1.27241600133	NA	Fisher et al (2025)	https://doi.org/10.3897%2Fzookeys.1264.173399
31	graft sister to clade	Loboponera	TRUE	Boloponera,Plectroctena	1	1	0.1	0.9	NA	NA	612	0.280930617854	0.446809260733426	0.12552240168073	1.11143921617327	659	0.16097678515673	1.27241600133	NA	Fisher et al (2025)	https://doi.org/10.3897%2Fzookeys.1264.173399
32	graft sister to tip	Ophthalmopone	TRUE	Megaponera	1	1	0.1	0.9	NA	NA	576	0.4306390006	0.748420851677656	0.322299207594667	0.950116793005333	285	0.322299208394667	1.2724160014	NA	Fisher et al (2025)	https://doi.org/10.3897%2Fzookeys.1264.173399
33	graft sister to tip	Buniapone	TRUE	Paltothyreus	1	1	0.1	0.9	NA	NA	562	0.2068235952	0.237473211809993	0.0491150634302338	1.22330093717977	277	0.0491150642202338	1.2724160014	NA	Fisher et al (2025)	https://doi.org/10.3897%2Fzookeys.1264.173399
34	graft sister to tip	Promyopias	TRUE	Buniapone	1	1	0.1	0.9	NA	NA	562	0.04911506422	0.70756420828402	0.0347520615296431	1.23766393990036	277	0.0347520615296431	1.27241600143	NA	Fisher et al (2025)	https://doi.org/10.3897%2Fzookeys.1264.173399
35	graft sister to clade	Asphinctopone	TRUE	Buniapone,Paltothyreus	1	1	0.1	0.9	NA	NA	560	0.2273094424	0.787616724707186	0.179032718518105	1.0442682186819	634	0.228147782738105	1.27241600142	NA	Fisher et al (2025)	https://doi.org/10.3897%2Fzookeys.1264.173399
36	graft sister to tip	Corrieopone	TRUE	Asphinctopone	1	1	0.1	0.9	NA	NA	566	0.2281477827	0.516481148637831	0.11783402886807	1.15458197251193	279	0.11783402888807	1.2724160014	NA	Fisher et al (2025)	https://doi.org/10.3897%2Fzookeys.1264.173399
37	graft sister to clade	Subiridopone	TRUE	Asphinctopone,Corrieopone	1	1	0.1	0.9	NA	NA	565	0.1103137538	0.324515329860151	0.0357985042025185	1.11878346827748	636	0.153632533122518	1.2724160014	NA	Fisher et al (2025)	https://doi.org/10.3897%2Fzookeys.1264.173399
38	graft sister to tip	Xiphopelta	TRUE	Brachyponera	1	1	0.1	0.9	NA	NA	594	0.329115697	0.599608028307557	0.197340414163237	1.07507558637676	294	0.197340415043237	1.27241600142	NA	Fisher et al (2025)	https://doi.org/10.3897%2Fzookeys.1264.173399
39	graft sister to tip	Euponera	TRUE	Hagensia	1	1	0.1	0.9	NA	NA	590	0.2224341001	0.898743556626141	0.199911214238809	1.07250478636119	292	0.199911215058809	1.27241600142	NA	Fisher et al (2025)	https://doi.org/10.3897%2Fzookeys.1264.173399
40	graft sister to tip	Dolioponera	TRUE	Euponera	1	1	0.1	0.9	NA	NA	590	0.1999112151	0.773675833456218	0.154666475959738	1.11774952550026	292	0.154666475959738	1.27241600146	NA	Fisher et al (2025)	https://doi.org/10.3897%2Fzookeys.1264.173399
41	graft sister to clade	Boltonopone	TRUE	Euponera,Dolioponera	1	1	0.1	0.9	NA	NA	588	0.0452447391399999	0.383494497276843	0.0173511084909162	1.10039841700908	647	0.172017584490916	1.2724160015	NA	Fisher et al (2025)	https://doi.org/10.3897%2Fzookeys.1264.173399
42	graft sister to clade	Feroponera	TRUE	Boltonopone,Euponera	1	1	0.1	0.9	NA	NA	586	0.0278936306499999	0.449082526750863	0.0125265421325573	1.08787187487744	646	0.184544126632557	1.27241600151	NA	Fisher et al (2025)	https://doi.org/10.3897%2Fzookeys.1264.173399
43	graft sister to clade	Fisheropone	TRUE	Feroponera,Euponera	1	1	0.1	0.9	NA	NA	584	0.0153670885199999	0.828015586920083	0.0127241888201406	1.07514768605986	645	0.197268315450141	1.27241600151	NA	Fisher et al (2025)	https://doi.org/10.3897%2Fzookeys.1264.173399
44	graft sister to clade	Makebapone	TRUE	Fisheropone,Euponera	1	1	0.1	0.9	NA	NA	582	0.00264289970000009	0.655825304426253	0.00173328050032061	1.07341440555968	644	0.19900159600032	1.27241600156	NA	Fisher et al (2025)	https://doi.org/10.3897%2Fzookeys.1264.173399
45	graft sister to clade	Odontoponera	TRUE	Brachyponera,Xiphopelta	1	1	0.1	0.9	NA	NA	593	0.22839158634	0.89980888273567	0.205508778130823	0.869566808209177	649	0.402849193390523	1.2724160015997	NA	Fisher et al (2025)	https://doi.org/10.3897%2Fzookeys.1264.173399
46	graft sister to tip	Streblognathus	TRUE	Phrynoponera	1	1	0.1	0.9	NA	NA	600	0.4143310006	0.153572698123753	0.0636299296784563	1.20878607091754	297	0.0636299306924564	1.27241600161	NA	Fisher et al (2025)	https://doi.org/10.3897%2Fzookeys.1264.173399
47	graft sister to clade	Bothroponera	TRUE	Pseudoneoponera,Streblognathus	1	1	0.1	0.9	NA	NA	598	0.068871999996	0.31272455919534	0.0215379658396505	0.836547034156349	651	0.43586896745365	1.27241600161	NA	Fisher et al (2025)	https://doi.org/10.3897%2Fzookeys.1264.173399
48	graft within clade random	Igaponera	TRUE	Simopelta,Neoponera	6	2	0.8	0.9	TRUE	TRUE	649	0.3063170006	0.825602535367943	0.252896092321664	1.01951990827834	322	0.252896093381664	1.27241600166	terminal	Fisher et al (2025)	https://doi.org/10.3897%2Fzookeys.1264.173399
49	graft sister to tip	Probolomyrmex	TRUE	Proceratium	1	1	0.1	0.9	NA	NA	682	0.6645410006	0.399003724381328	0.265154334243494	1.00726166635651	340	0.265154335323494	1.27241600168	NA	Vizueta et al (2025)	https://doi.org/10.1016/j.cell.2025.05.030
50	graft sister to clade	Diaphoromyrma	TRUE	Allomerus,Lachnomyrmex	1	1	0.1	0.9	NA	NA	93	0.074289	0.726746151223779	0.0539892448282633	0.811742755171737	401	0.460673246528263	1.2724160017	NA	Ward et al (2015)	https://doi.org/10.1111/syen.12090
51	graft sister to tip	Phalacromyrmex	TRUE	Pilotrochus	1	1	0.1	0.9	NA	NA	88	0.2779474426	0.146035446412861	0.0405901788594042	1.2318258217306	39	0.040590179969404	1.2724160017	NA	Ward et al (2015)	https://doi.org/10.1111/syen.12090
52	graft sister to tip	Ishakidris	TRUE	Phalacromyrmex	1	1	0.5	0.9	NA	NA	88	0.0405901799699999	0.604057888314128	0.0245188183989686	1.24789718326103	39	0.0245188184389686	1.2724160017	NA	Bolton (1984)	NA
53	graft sister to tip	Mesostruma	TRUE	Epopostruma	1	1	0.1	0.9	NA	NA	58	0.10724000057	0.471390968002379	0.050551967677268	1.22186403289273	21	0.0505519688172682	1.27241600171	NA	Ward et al (2015)	https://doi.org/10.1111/syen.12090
54	graft sister to tip	Talaridris	TRUE	Eurhopalothrix	1	1	0.1	0.9	NA	NA	77	0.29278500057	0.412850037962198	0.120876298600087	1.15153970196991	32	0.120876299740087	1.27241600171	NA	Ward et al (2015)	https://doi.org/10.1111/syen.12090
55	graft sister to tip	Paramycetophylax	TRUE	Cyphomyrmex	1	1	0.8	0.9	NA	NA	38	0.29841900062	0.824847743730061	0.246150239347587	1.02626576127241	12	0.246150240437587	1.27241600171	NA	Hanish et al (2022)	https://doi.org/10.1093/isd/ixab029
56	graft sister to tip	Secostruma	TRUE	Dilobocondyla	1	1	0.1	0.9	NA	NA	178	0.46933500057	0.47136800494045	0.221229502867406	1.05118649770259	82	0.221229504007406	1.27241600171	NA	Ward et al (2015)	https://doi.org/10.1111/syen.12090
57	graft within clade random	Formosimyrma	TRUE	Ocymyrmex,Leptothorax	6	2	0.8	0.9	TRUE	TRUE	226	0.4706720006	0.864433404617012	0.406864599936558	0.865551400663442	107	0.406864601046558	1.27241600171	terminal	Ward et al (2015)	https://doi.org/10.1111/syen.12090
58	graft sister to tip	Peronomyrmex	TRUE	Podomyrma	1	1	0.1	0.9	NA	NA	222	0.3227830006	0.236846295557916	0.0764499579611786	1.19596604263882	104	0.0764499590711785	1.27241600171	NA	Taylor (1970)	NA
59	graft within clade random	Gaoligongidris	TRUE	Lasiomyrma,Propodilobus	6	2	0.1	0.9	TRUE	TRUE	194	0.2555360006	0.441219280846417	0.112747410415102	1.1596685901849	91	0.112747411525102	1.27241600171	terminal	Xu (2012)	NA
60	graft sister to clade	Rostromyrmex	TRUE	Ocymyrmex,Leptothorax	1	1	0.1	0.9	NA	NA	150	0.089498	0.324274166114628	0.029021889318927	0.723973110681073	428	0.548442891028927	1.27241600171	NA	Blaimer et al (2018)	https://doi.org/10.1093/isd/ixy013
61	graft sister to tip	Erromyrma	TRUE	Monomorium	1	1	0.8	0.9	NA	NA	121	0.2460383782	0.808079607086256	0.198818595983996	1.073597404616	53	0.198818597093996	1.27241600171	NA	Sparks et al (2019)	https://doi.org/10.1071/IS16080
62	graft sister to tip	Epelysidris	TRUE	Erromyrma	1	1	0.8	0.9	NA	NA	121	0.1988185971	0.876647647446953	0.174293855416419	1.09812214630358	53	0.174293855416419	1.27241600172	NA	Ward et al (2015)	https://doi.org/10.1111/syen.12090
63	graft sister to clade	Tyrannomyrmex	TRUE	Epelysidris,Erromyrma	1	1	0.8	0.9	NA	NA	119	0.0245247416800001	0.809636547486298	0.0198561271817886	1.07826601911821	417	0.194149982591789	1.27241600171	NA	Ward et al (2015)	https://doi.org/10.1111/syen.12090
64	graft sister to tip	Unicumyrmex	TRUE	Tyrannomyrmex	1	1	0.8	0.9	NA	NA	121	0.1941499826	0.836849270109087	0.162474271230502	1.1099417304875	53	0.162474271230502	1.272416001718	NA	Chung et al (2025)	https://doi.org/10.25849/myrmecol.news_035:029
65	graft sister to tip	Chelaner	TRUE	Adelomyrmex	1	1	0.8	0.9	NA	NA	127	0.0312193858200001	0.814951724931598	0.0254422923253141	1.24697370824469	55	0.0254422934653142	1.27241600171	NA	Ward et al (2015)	https://doi.org/10.1111/syen.12090
66	graft sister to tip	Baracidris	TRUE	Adelomyrmex	1	1	0.1	0.9	NA	NA	127	0.0254422923299999	0.242876860871911	0.00617934409449589	1.2662366564905	55	0.00617934523449604	1.272416001725	NA	Ward et al (2015)	https://doi.org/10.1111/syen.12090
67	graft within clade random	Cryptomyrmex	TRUE	Adelomyrmex,Baracidris	1	1	0.1	0.9	TRUE	TRUE	128	0.00617934523399999	0.401109234243631	0.00247859243493677	1.26993740929406	56	0.00247859243493687	1.272416001729	terminal	Ward et al (2015)	https://doi.org/10.1111/syen.12090
68	graft sister to tip	Austromorium	TRUE	Oxyepoecus	1	1	0.8	0.9	NA	NA	141	0.1702258126	0.891973553341813	0.15183692293532	1.12057907758468	64	0.15183692413932	1.272416001724	NA	Ward et al (2015)	https://doi.org/10.1111/syen.12090
69	graft within clade random	Bariamyrma	TRUE	Adelomyrmex,Rogeria	6	2	0.1	0.9	TRUE	TRUE	120	0.1624742712	0.3131776323542	0.0508833075728902	1.22153269411511	52	0.0508833076088904	1.272416001724	terminal	Ward et al (2015)	https://doi.org/10.1111/syen.12090
70	graft within clade random	Bondroitia	TRUE	Adelomyrmex,Stegomyrmex	1	1	0.1	0.9	TRUE	TRUE	146	0.4713860006	0.14422373957932	0.0679850517918716	1.20443094880813	69	0.0679850529158714	1.272416001724	terminal	Bolton (1987)	NA
71	graft sister to tip	Kempfidris	TRUE	Solenopsis	1	1	0.1	0.9	NA	NA	136	0.2953793843	0.78074235804379	0.230615197015905	1.0418008035241	62	0.230615198199905	1.272416001724	NA	Ward et al (2015)	https://doi.org/10.1111/syen.12090
72	graft sister to tip	Tropidomyrmex	TRUE	Kempfidris	1	1	0.1	0.9	NA	NA	136	0.2306151982	0.640731238014996	0.14776236144776	1.12465364027224	62	0.14776236145176	1.272416001724	NA	Ward et al (2015)	https://doi.org/10.1111/syen.12090
73	graft within clade random	Syllophopsis	TRUE	Adelomyrmex,Monomorium	1	1	0.1	0.9	TRUE	TRUE	117	0.1742938554	0.35712570566684	0.0622448161031192	1.21017118559488	50	0.0622448161551195	1.27241600175	terminal	Ward et al (2015)	https://doi.org/10.1111/syen.12090
74	graft sister to tip	Chimaeridris	FALSE	Pheidole	1	1	0.1	0.9	NA	NA	71	0.4765630006	0.749704764783382	0.357281552269286	0.915134448330714	31	0.357281553443286	1.272416001774	NA	Wilson (1989)	NA
75	graft within clade random	Xymmer	TRUE	Adetomyrma,Myopopone	6	2	0.8	0.9	TRUE	TRUE	671	0.4242770006	0.831983582186513	0.352991498798537	0.919424501801463	334	0.352991499972537	1.272416001774	terminal	Ward and Fisher (2016)	https://doi.org/10.1111%2Fsyen.12186
76	graft within clade random	Mystrium	TRUE	Adetomyrma,Myopopone	6	2	0.8	0.9	TRUE	TRUE	671	0.3529915	0.839823376457207	0.296450513390694	0.975965488409306	334	0.296450513390694	1.2724160018	terminal	Ward and Fisher (2016)	https://doi.org/10.1111%2Fsyen.12186
